timestamp,E0,E1,E2,E3,nlat_x,nlat_y,fp_x,fp_y,hmm_x,hmm_y
2026-05-22T13:39:01.941420,-87.6,-88.9,nan,nan,73.162,141.023,,,,
2026-05-22T13:39:01.956134,-87.6,-88.9,-81.3,nan,70.849,126.717,,,,
2026-05-22T13:39:01.965921,-87.6,-88.9,-81.3,-87.2,66.472,114.556,,,,
2026-05-22T13:39:02.191162,-87.6,-88.9,-81.3,-87.2,62.751,104.22,,,,
2026-05-22T13:39:02.205880,-87.6,-89.2,-81.3,-87.2,59.588,95.434,,,,
2026-05-22T13:39:02.220724,-87.6,-89.2,-82.1,-87.2,56.9,87.966,,,,
2026-05-22T13:39:02.236306,-87.6,-89.2,-82.1,-87.2,54.615,81.618,,,,
2026-05-22T13:39:02.441425,-87.9,-89.2,-82.1,-87.2,52.673,76.222,,,,
2026-05-22T13:39:02.454726,-87.9,-89.8,-82.1,-87.2,51.022,71.636,,,,
2026-05-22T13:39:02.470351,-87.9,-89.8,-81.9,-87.2,49.619,67.738,,,,
2026-05-22T13:39:02.484318,-87.9,-89.8,-81.9,-87.1,48.426,64.424,,,,
2026-05-22T13:39:02.691546,-87.2,-89.8,-81.9,-87.1,47.412,61.607,,,,
2026-05-22T13:39:02.704847,-87.2,-90.0,-81.9,-87.1,46.55,59.213,,,,
2026-05-22T13:39:02.718399,-87.2,-90.0,-82.4,-87.1,45.817,57.178,,,,
2026-05-22T13:39:02.734106,-87.2,-90.0,-82.4,-86.5,45.194,55.448,,,,
2026-05-22T13:39:02.942112,-86.2,-90.0,-82.4,-86.5,44.665,53.978,,,,
2026-05-22T13:39:02.959199,-86.2,-90.2,-82.4,-86.5,44.215,52.728,,,,
2026-05-22T13:39:02.976172,-86.2,-90.2,-82.6,-86.5,43.833,51.666,,,,
2026-05-22T13:39:02.992617,-86.2,-90.2,-82.6,-86.5,43.508,50.763,,,,
2026-05-22T13:39:03.192276,-87.0,-90.2,-82.6,-86.5,43.232,49.996,,,,
2026-05-22T13:39:03.206716,-87.0,-89.8,-82.6,-86.5,42.997,49.344,,,,
2026-05-22T13:39:03.220197,-87.0,-89.8,-82.3,-86.5,42.797,48.789,,,,
2026-05-22T13:39:03.232999,-87.0,-89.8,-82.3,-86.4,42.627,48.318,,,,
2026-05-22T13:39:03.442847,-87.1,-89.8,-82.3,-86.4,42.483,47.917,,,,
2026-05-22T13:39:03.460745,-87.1,-89.7,-82.3,-86.4,42.36,47.576,,,,
2026-05-22T13:39:03.475672,-87.1,-89.7,-82.9,-86.4,42.256,47.287,,,,
2026-05-22T13:39:03.491158,-87.1,-89.7,-82.9,-86.1,42.167,47.041,,,,
2026-05-22T13:39:03.693125,-87.4,-89.7,-82.9,-86.1,42.092,46.832,,,,
2026-05-22T13:39:03.708791,-87.4,-89.3,-82.9,-86.1,42.048,46.654,,,,
2026-05-22T13:39:03.722904,-87.4,-89.3,-82.6,-86.1,41.991,46.503,,,,
2026-05-22T13:39:03.737480,-87.4,-89.3,-82.6,-86.0,41.942,46.375,,,,
2026-05-22T13:39:03.943621,-87.6,-89.3,-82.6,-86.0,42.226,46.266,,,,
2026-05-22T13:39:03.964138,-87.6,-89.2,-82.6,-86.0,42.7,46.173,,,,
2026-05-22T13:39:03.980429,-87.6,-89.2,-83.1,-86.0,43.972,46.094,,,,
2026-05-22T13:39:03.994324,-87.6,-89.2,-83.1,-86.1,44.754,46.027,,,,
2026-05-22T13:39:04.193809,-87.9,-89.2,-83.1,-86.1,45.953,45.97,,,,
2026-05-22T13:39:04.210193,-87.9,-88.8,-83.1,-86.1,47.973,45.922,,,,
2026-05-22T13:39:04.226580,-87.9,-88.8,-83.1,-86.1,49.69,45.881,,,,
2026-05-22T13:39:04.246303,-87.9,-88.8,-83.1,-85.6,52.207,45.846,,,,
2026-05-22T13:39:04.444582,-87.4,-88.8,-83.1,-85.6,53.783,45.816,,,,
2026-05-22T13:39:04.459439,-87.4,-88.6,-83.1,-85.6,55.601,45.791,,,,
2026-05-22T13:39:04.473482,-87.4,-88.6,-83.0,-85.6,56.954,45.769,,,,
2026-05-22T13:39:04.489162,-87.4,-88.6,-83.0,-85.5,58.316,45.751,,,,
2026-05-22T13:39:04.695108,-87.5,-88.6,-83.0,-85.5,59.583,45.735,,,,
2026-05-22T13:39:04.709393,-87.5,-89.2,-83.0,-85.5,59.35,45.722,,,,
2026-05-22T13:39:04.725368,-87.5,-89.2,-82.8,-85.5,58.801,45.711,,,,
2026-05-22T13:39:04.742218,-87.5,-89.2,-82.8,-86.2,56.275,45.701,,,,
2026-05-22T13:39:04.945267,-87.5,-89.2,-82.8,-86.2,54.128,45.693,,,,
2026-05-22T13:39:04.959950,-87.5,-89.0,-82.8,-86.2,52.869,45.686,,,,
2026-05-22T13:39:04.976009,-87.5,-89.0,-82.7,-86.2,51.622,45.68,,,,
2026-05-22T13:39:04.992166,-87.5,-89.0,-82.7,-86.4,50.129,45.675,,,,
2026-05-22T13:39:05.195701,-87.2,-89.0,-82.7,-86.4,48.86,45.671,,,,
2026-05-22T13:39:05.211776,-87.2,-88.9,-82.7,-86.4,47.781,45.667,,,,
2026-05-22T13:39:05.227224,-87.2,-88.9,-83.0,-86.4,46.864,45.664,,,,
2026-05-22T13:39:05.245740,-87.2,-88.9,-83.0,-87.2,46.084,45.661,,,,
2026-05-22T13:39:05.446235,-86.7,-88.9,-83.0,-87.2,45.421,45.659,,,,
2026-05-22T13:39:05.460742,-86.7,-89.3,-83.0,-87.2,44.858,45.657,,,,
2026-05-22T13:39:05.475085,-86.7,-89.3,-83.1,-87.2,44.379,45.655,,,,
2026-05-22T13:39:05.490491,-86.7,-89.3,-83.1,-86.9,43.972,45.654,,,,
2026-05-22T13:39:05.696188,-87.1,-89.3,-83.1,-86.9,43.626,45.653,,,,
2026-05-22T13:39:05.709056,-87.1,-89.8,-83.1,-86.9,43.332,45.652,,,,
2026-05-22T13:39:05.721133,-87.1,-89.8,-83.0,-86.9,43.082,45.651,,,,
2026-05-22T13:39:05.733568,-87.1,-89.8,-83.0,-86.7,42.87,45.65,,,,
2026-05-22T13:39:05.946596,-87.6,-89.8,-83.0,-86.7,42.689,45.65,,,,
2026-05-22T13:39:05.962482,-87.6,-88.9,-83.0,-86.7,42.536,45.65,,,,
2026-05-22T13:39:05.975562,-87.6,-88.9,-81.9,-86.7,42.405,45.65,,,,
2026-05-22T13:39:05.988040,-87.6,-88.9,-81.9,-86.1,42.294,45.65,,,,
2026-05-22T13:39:06.197484,-87.5,-88.9,-81.9,-86.1,42.2,45.65,,,,
2026-05-22T13:39:06.214357,-87.5,-89.6,-81.9,-86.1,42.12,45.65,,,,
2026-05-22T13:39:06.231870,-87.5,-89.6,-82.3,-86.1,42.052,45.65,,,,
2026-05-22T13:39:06.249455,-87.5,-89.6,-82.3,-85.9,41.994,45.65,,,,
2026-05-22T13:39:06.447862,-87.6,-89.6,-82.3,-85.9,41.945,45.65,,,,
2026-05-22T13:39:06.466187,-87.6,-89.4,-82.3,-85.9,41.903,45.65,,,,
2026-05-22T13:39:06.481965,-87.6,-89.4,-82.3,-85.9,41.867,45.65,,,,
2026-05-22T13:39:06.495812,-87.6,-89.4,-82.3,-86.2,41.837,45.65,,,,
2026-05-22T13:39:06.698348,-87.2,-89.4,-82.3,-86.2,41.811,45.65,,,,
2026-05-22T13:39:06.713606,-87.2,-89.6,-82.3,-86.2,41.789,45.65,,,,
2026-05-22T13:39:06.726935,-87.2,-89.6,-83.2,-86.2,41.771,45.65,,,,
2026-05-22T13:39:06.741319,-87.2,-89.6,-83.2,-86.0,41.755,45.65,,,,
2026-05-22T13:39:06.948499,-86.5,-89.6,-83.2,-86.0,41.742,45.65,,,,
2026-05-22T13:39:06.963550,-86.5,-89.4,-83.2,-86.0,41.731,45.65,,,,
2026-05-22T13:39:06.977017,-86.5,-89.4,-82.1,-86.0,41.721,45.65,,,,
2026-05-22T13:39:06.990896,-86.5,-89.4,-82.1,-86.5,41.713,45.65,,,,
2026-05-22T13:39:07.198931,-86.7,-89.4,-82.1,-86.5,41.706,45.65,,,,
2026-05-22T13:39:07.217023,-86.7,-89.2,-82.1,-86.5,41.7,45.65,,,,
2026-05-22T13:39:07.234700,-86.7,-89.2,-82.7,-86.5,41.695,45.65,,,,
2026-05-22T13:39:07.248915,-86.7,-89.2,-82.7,-87.0,41.691,45.65,,,,
2026-05-22T13:39:07.449587,-86.5,-89.2,-82.7,-87.0,41.687,45.65,,,,
2026-05-22T13:39:07.463443,-86.5,-89.7,-82.7,-87.0,41.684,45.65,,,,
2026-05-22T13:39:07.478023,-86.5,-89.7,-82.7,-87.0,41.681,45.65,,,,
2026-05-22T13:39:07.492937,-86.5,-89.7,-82.7,-86.7,41.679,45.65,,,,
2026-05-22T13:39:07.699685,-86.3,-89.7,-82.7,-86.7,41.677,45.65,,,,
2026-05-22T13:39:07.715863,-86.3,-90.1,-82.7,-86.7,41.675,45.65,,,,
2026-05-22T13:39:07.731596,-86.3,-90.1,-82.4,-86.7,41.674,45.65,,,,
2026-05-22T13:39:07.745320,-86.3,-90.1,-82.4,-86.9,41.673,45.65,,,,
2026-05-22T13:39:07.950036,-86.5,-90.1,-82.4,-86.9,41.672,45.65,,,,
2026-05-22T13:39:07.962921,-86.5,-90.0,-82.4,-86.9,41.671,45.65,,,,
2026-05-22T13:39:07.977364,-86.5,-90.0,-82.5,-86.9,41.67,45.65,,,,
2026-05-22T13:39:07.989909,-86.5,-90.0,-82.5,-86.5,41.669,45.65,,,,
2026-05-22T13:39:08.200186,-87.1,-90.0,-82.5,-86.5,41.669,45.65,,,,
2026-05-22T13:39:08.216134,-87.1,-89.4,-82.5,-86.5,41.669,45.65,,,,
2026-05-22T13:39:08.241038,-87.1,-89.4,-82.2,-86.5,41.669,45.65,,,,
2026-05-22T13:39:08.260992,-87.1,-89.4,-82.2,-86.3,41.669,45.65,,,,
2026-05-22T13:39:08.450539,-87.1,-89.4,-82.2,-86.3,41.669,45.65,,,,
2026-05-22T13:39:08.465059,-87.1,-89.3,-82.2,-86.3,41.669,45.65,,,,
2026-05-22T13:39:08.479774,-87.1,-89.3,-81.9,-86.3,41.669,45.65,,,,
2026-05-22T13:39:08.493678,-87.1,-89.3,-81.9,-86.2,41.669,45.65,,,,
2026-05-22T13:39:08.700960,-87.1,-89.3,-81.9,-86.2,41.669,45.65,,,,
2026-05-22T13:39:08.721930,-87.1,-88.6,-81.9,-86.2,41.669,45.65,,,,
2026-05-22T13:39:08.734255,-87.1,-88.6,-82.3,-86.2,41.669,45.65,,,,
2026-05-22T13:39:08.750294,-87.1,-88.6,-82.3,-86.7,41.669,45.65,,,,
2026-05-22T13:39:08.951171,-86.6,-88.6,-82.3,-86.7,41.669,45.65,,,,
2026-05-22T13:39:08.965894,-86.6,-88.4,-82.3,-86.7,41.669,45.65,,,,
2026-05-22T13:39:08.979324,-86.6,-88.4,-82.4,-86.7,41.669,45.65,,,,
2026-05-22T13:39:08.992857,-86.6,-88.4,-82.4,-86.9,41.669,45.65,,,,
2026-05-22T13:39:09.201445,-86.8,-88.4,-82.4,-86.9,41.669,45.65,,,,
2026-05-22T13:39:09.215235,-86.8,-89.4,-82.4,-86.9,41.669,45.65,,,,
2026-05-22T13:39:09.227018,-86.8,-89.4,-83.0,-86.9,41.669,45.65,,,,
2026-05-22T13:39:09.238862,-86.8,-89.4,-83.0,-86.3,41.669,45.65,,,,
2026-05-22T13:39:09.452255,-86.7,-89.4,-83.0,-86.3,41.669,45.65,,,,
2026-05-22T13:39:09.466530,-86.7,-89.4,-83.0,-86.3,41.669,45.65,,,,
2026-05-22T13:39:09.479329,-86.7,-89.4,-82.9,-86.3,41.669,45.65,,,,
2026-05-22T13:39:09.491884,-86.7,-89.4,-82.9,-85.9,41.669,45.65,,,,
2026-05-22T13:39:09.702721,-86.6,-89.4,-82.9,-85.9,41.669,45.65,,,,
2026-05-22T13:39:09.715415,-86.6,-90.0,-82.9,-85.9,41.669,45.65,,,,
2026-05-22T13:39:09.728128,-86.6,-90.0,-82.8,-85.9,41.669,45.65,,,,
2026-05-22T13:39:09.739885,-86.6,-90.0,-82.8,-85.8,41.669,45.65,,,,
2026-05-22T13:39:09.953723,-87.0,-90.0,-82.8,-85.8,41.669,45.65,,,,
2026-05-22T13:39:09.967483,-87.0,-88.8,-82.8,-85.8,42.996,45.65,,,,
2026-05-22T13:39:09.979385,-87.0,-88.8,-82.8,-85.8,44.124,45.65,,,,
2026-05-22T13:39:09.990743,-87.0,-88.8,-82.8,-85.5,45.995,45.65,,,,
2026-05-22T13:39:10.203041,-87.3,-88.8,-82.8,-85.5,48.047,45.65,,,,
2026-05-22T13:39:10.218368,-87.3,-88.6,-82.8,-85.5,50.254,45.65,,,,
2026-05-22T13:39:10.233180,-87.3,-88.6,-82.7,-85.5,51.946,45.65,,,,
2026-05-22T13:39:10.248618,-87.3,-88.6,-82.7,-85.4,53.605,45.65,,,,
2026-05-22T13:39:10.453569,-87.5,-88.6,-82.7,-85.4,55.23,45.65,,,,
2026-05-22T13:39:10.465370,-87.5,-88.6,-82.7,-85.4,56.611,45.65,,,,
2026-05-22T13:39:10.482291,-87.5,-88.6,-82.9,-85.4,58.148,45.65,,,,
2026-05-22T13:39:10.493538,-87.5,-88.6,-82.9,-85.8,58.613,45.65,,,,
2026-05-22T13:39:10.703745,-87.1,-88.6,-82.9,-85.8,58.402,45.65,,,,
2026-05-22T13:39:10.715699,-87.1,-88.7,-82.9,-85.8,57.932,45.65,,,,
2026-05-22T13:39:10.727956,-87.1,-88.7,-82.8,-85.8,57.336,45.65,,,,
2026-05-22T13:39:10.739941,-87.1,-88.7,-82.8,-87.0,54.985,45.65,,,,
2026-05-22T13:39:10.954532,-87.4,-88.7,-82.8,-87.0,52.987,45.65,,,,
2026-05-22T13:39:10.967440,-87.4,-88.5,-82.8,-87.0,51.289,45.65,,,,
2026-05-22T13:39:10.978824,-87.4,-88.5,-82.7,-87.0,49.846,45.65,,,,
2026-05-22T13:39:10.990630,-87.4,-88.5,-82.7,-86.7,48.878,45.65,,,,
2026-05-22T13:39:11.204538,-87.2,-88.5,-82.7,-86.7,47.796,45.65,,,,
2026-05-22T13:39:11.217266,-87.2,-89.1,-82.7,-86.7,46.876,45.65,,,,
2026-05-22T13:39:11.229319,-87.2,-89.1,-82.5,-86.7,46.094,45.65,,,,
2026-05-22T13:39:11.241346,-87.2,-89.1,-82.5,-86.3,45.43,45.65,,,,
2026-05-22T13:39:11.456338,-87.3,-89.1,-82.5,-86.3,44.865,45.65,,,,
2026-05-22T13:39:11.480507,-87.3,-88.8,-82.5,-86.3,44.385,45.65,,,,
2026-05-22T13:39:11.505395,-87.3,-88.8,-82.7,-86.3,44.19,45.65,,,,
2026-05-22T13:39:11.537457,-87.3,-88.8,-82.7,-86.4,43.811,45.65,,,,
2026-05-22T13:39:11.706165,-87.5,-88.8,-82.7,-86.4,43.902,45.65,,,,
2026-05-22T13:39:11.721264,-87.5,-88.0,-82.7,-86.4,46.564,45.65,,,,
2026-05-22T13:39:11.737671,-87.5,-88.0,-82.8,-86.4,49.037,45.65,,,,
2026-05-22T13:39:11.752084,-87.5,-88.0,-82.8,-86.3,51.323,45.65,,,,
2026-05-22T13:39:11.956373,-87.2,-88.0,-82.8,-86.3,52.86,45.65,,,,
2026-05-22T13:39:11.971191,-87.2,-88.0,-82.8,-86.3,54.167,45.65,,,,
2026-05-22T13:39:11.985400,-87.2,-88.0,-83.3,-86.3,56.381,45.65,,,,
2026-05-22T13:39:11.999323,-87.2,-88.0,-83.3,-86.2,58.449,45.65,,,,
2026-05-22T13:39:12.207336,-87.2,-88.0,-83.3,-86.2,60.207,45.65,,,,
2026-05-22T13:39:12.227341,-87.2,-88.4,-83.3,-86.2,60.378,45.65,,,,
2026-05-22T13:39:12.248058,-87.2,-88.4,-83.1,-86.2,60.079,45.65,,,,
2026-05-22T13:39:12.276536,-87.2,-88.4,-83.1,-86.3,59.559,45.65,,,,
2026-05-22T13:39:12.457510,-87.0,-88.4,-83.1,-86.3,58.636,45.65,,,,
2026-05-22T13:39:12.472817,-87.0,-88.4,-83.1,-86.3,57.852,45.65,,,,
2026-05-22T13:39:12.489162,-87.0,-88.4,-82.7,-86.3,56.254,45.65,,,,
2026-05-22T13:39:12.507783,-87.0,-88.4,-82.7,-85.8,56.411,45.65,,,,
2026-05-22T13:39:12.707721,-86.8,-88.4,-82.7,-85.8,56.148,45.65,,,,
2026-05-22T13:39:12.723964,-86.8,-88.9,-82.7,-85.8,54.175,45.65,,,,
2026-05-22T13:39:12.741855,-86.8,-88.9,-83.0,-85.8,53.122,45.65,,,,
2026-05-22T13:39:12.761713,-86.8,-88.9,-83.0,-86.4,51.404,45.65,,,,
2026-05-22T13:39:12.958487,-86.8,-88.9,-83.0,-86.4,49.943,45.65,,,,
2026-05-22T13:39:12.976686,-86.8,-89.3,-83.0,-86.4,48.701,45.65,,,,
2026-05-22T13:39:12.992097,-86.8,-89.3,-83.0,-86.4,47.646,45.65,,,,
2026-05-22T13:39:13.005472,-86.8,-89.3,-83.0,-86.3,46.749,45.65,,,,
2026-05-22T13:39:13.208516,-87.0,-89.3,-83.0,-86.3,45.987,45.65,,,,
2026-05-22T13:39:13.221926,-87.0,-89.3,-83.0,-86.3,45.339,45.65,,,,
2026-05-22T13:39:13.235534,-87.0,-89.3,-82.5,-86.3,44.788,45.65,,,,
2026-05-22T13:39:13.249455,-87.0,-89.3,-82.5,-86.2,44.32,45.65,,,,
2026-05-22T13:39:13.458717,-87.0,-89.3,-82.5,-86.2,43.922,45.65,,,,
2026-05-22T13:39:13.472926,-87.0,-89.8,-82.5,-86.2,43.584,45.65,,,,
2026-05-22T13:39:13.486115,-87.0,-89.8,-82.6,-86.2,43.296,45.65,,,,
2026-05-22T13:39:13.500389,-87.0,-89.8,-82.6,-86.1,43.051,45.65,,,,
2026-05-22T13:39:13.709122,-86.9,-89.8,-82.6,-86.1,42.843,45.65,,,,
2026-05-22T13:39:13.724037,-86.9,-89.8,-82.6,-86.1,42.666,45.65,,,,
2026-05-22T13:39:13.741047,-86.9,-89.8,-82.6,-86.1,42.516,45.65,,,,
2026-05-22T13:39:13.754339,-86.9,-89.8,-82.6,-86.9,42.388,45.65,,,,
2026-05-22T13:39:13.961777,-87.0,-89.8,-82.6,-86.9,42.28,45.65,,,,
2026-05-22T13:39:13.984418,-87.0,-89.3,-82.6,-86.9,42.188,45.65,,,,
2026-05-22T13:39:13.998061,-87.0,-89.3,-82.5,-86.9,42.11,45.65,,,,
2026-05-22T13:39:14.013832,-87.0,-89.3,-82.5,-86.8,42.043,45.65,,,,
2026-05-22T13:39:14.210804,-86.6,-89.3,-82.5,-86.8,41.986,45.65,,,,
2026-05-22T13:39:14.223992,-86.6,-89.1,-82.5,-86.8,41.938,45.65,,,,
2026-05-22T13:39:14.238392,-86.6,-89.1,-82.4,-86.8,41.897,45.65,,,,
2026-05-22T13:39:14.251729,-86.6,-89.1,-82.4,-87.0,41.862,45.65,,,,
2026-05-22T13:39:14.460751,-87.0,-89.1,-82.4,-87.0,41.833,45.65,,,,
2026-05-22T13:39:14.474281,-87.0,-88.4,-82.4,-87.0,41.808,45.65,,,,
2026-05-22T13:39:14.486992,-87.0,-88.4,-82.6,-87.0,41.787,45.65,,,,
2026-05-22T13:39:14.500319,-87.0,-88.4,-82.6,-86.5,41.769,45.65,,,,
2026-05-22T13:39:14.711030,-86.9,-88.4,-82.6,-86.5,41.754,45.65,,,,
2026-05-22T13:39:14.725957,-86.9,-88.4,-82.6,-86.5,41.741,45.65,,,,
2026-05-22T13:39:14.741587,-86.9,-88.4,-82.0,-86.5,41.73,45.65,,,,
2026-05-22T13:39:14.755049,-86.9,-88.4,-82.0,-87.0,41.72,45.65,,,,
2026-05-22T13:39:14.961716,-87.4,-88.4,-82.0,-87.0,41.712,45.65,,,,
2026-05-22T13:39:14.977527,-87.4,-88.8,-82.0,-87.0,41.705,45.65,,,,
2026-05-22T13:39:14.989965,-87.4,-88.8,-82.6,-87.0,41.699,45.65,,,,
2026-05-22T13:39:15.001363,-87.4,-88.8,-82.6,-87.3,41.694,45.65,,,,
2026-05-22T13:39:15.212092,-87.5,-88.8,-82.6,-87.3,41.69,45.65,,,,
2026-05-22T13:39:15.225189,-87.5,-89.2,-82.6,-87.3,41.686,45.65,,,,
2026-05-22T13:39:15.237030,-87.5,-89.2,-82.9,-87.3,41.683,45.65,,,,
2026-05-22T13:39:15.248949,-87.5,-89.2,-82.9,-87.2,41.68,45.65,,,,
2026-05-22T13:39:15.462952,-87.0,-89.2,-82.9,-87.2,41.678,45.65,,,,
2026-05-22T13:39:15.476437,-87.0,-90.3,-82.9,-87.2,41.676,45.65,,,,
2026-05-22T13:39:15.487398,-87.0,-90.3,-82.7,-87.2,41.674,45.65,,,,
2026-05-22T13:39:15.498679,-87.0,-90.3,-82.7,-86.7,41.673,45.65,,,,
2026-05-22T13:39:15.713217,-87.6,-90.3,-82.7,-86.7,41.672,45.65,,,,
2026-05-22T13:39:15.725820,-87.6,-90.5,-82.7,-86.7,41.671,45.65,,,,
2026-05-22T13:39:15.737834,-87.6,-90.5,-83.3,-86.7,41.67,45.65,,,,
2026-05-22T13:39:15.749327,-87.6,-90.5,-83.3,-85.9,41.669,45.65,,,,
2026-05-22T13:39:15.963534,-87.7,-90.5,-83.3,-85.9,41.669,45.65,,,,
2026-05-22T13:39:15.974868,-87.7,-89.7,-83.3,-85.9,42.749,45.65,,,,
2026-05-22T13:39:15.986579,-87.7,-89.7,-82.6,-85.9,42.587,45.65,,,,
2026-05-22T13:39:15.998527,-87.7,-89.7,-82.6,-85.3,44.103,45.65,,,,
2026-05-22T13:39:16.214092,-86.5,-89.7,-82.6,-85.3,43.737,45.65,,,,
2026-05-22T13:39:16.227903,-86.5,-88.8,-82.6,-85.3,44.857,45.65,,,,
2026-05-22T13:39:16.240264,-86.5,-88.8,-82.7,-85.3,46.002,45.65,,,,
2026-05-22T13:39:16.253470,-86.5,-88.8,-82.7,-84.8,48.508,45.65,,,,
2026-05-22T13:39:16.465474,-86.5,-88.8,-82.7,-84.8,50.638,45.65,,,,
2026-05-22T13:39:16.482592,-86.5,-88.7,-82.7,-84.8,52.658,45.65,,,,
2026-05-22T13:39:16.498928,-86.5,-88.7,-82.1,-84.8,53.379,45.65,,,,
2026-05-22T13:39:16.513450,-86.5,-88.7,-82.1,-85.4,52.041,45.65,,,,
2026-05-22T13:39:16.714815,-85.7,-88.7,-82.1,-85.4,50.485,45.864,,,,
2026-05-22T13:39:16.727118,-85.7,-88.8,-82.1,-85.4,49.162,45.977,,,,
2026-05-22T13:39:16.738832,-85.7,-88.8,-82.5,-85.4,48.038,46.653,,,,
2026-05-22T13:39:16.749644,-85.7,-88.8,-82.5,-85.4,47.082,47.227,,,,
2026-05-22T13:39:16.965125,-85.8,-88.8,-82.5,-85.4,46.27,47.227,,,,
2026-05-22T13:39:16.981293,-85.8,-89.3,-82.5,-85.4,45.579,46.99,,,,
2026-05-22T13:39:16.992572,-85.8,-89.3,-82.3,-85.4,44.992,46.789,,,,
2026-05-22T13:39:17.003831,-85.8,-89.3,-82.3,-85.0,44.493,46.618,,,,
2026-05-22T13:39:17.215264,-85.7,-89.3,-82.3,-85.0,44.069,46.472,,,,
2026-05-22T13:39:17.227403,-85.7,-89.1,-82.3,-85.0,43.709,46.348,,,,
2026-05-22T13:39:17.239411,-85.7,-89.1,-82.2,-85.0,43.403,46.243,,,,
2026-05-22T13:39:17.251869,-85.7,-89.1,-82.2,-85.5,43.142,46.406,,,,
2026-05-22T13:39:17.465968,-86.4,-89.1,-82.2,-85.5,42.921,46.292,,,,
2026-05-22T13:39:17.483157,-86.4,-89.1,-82.2,-85.5,42.733,46.195,,,,
2026-05-22T13:39:17.498879,-86.4,-89.1,-81.5,-85.5,42.573,46.113,,,,
2026-05-22T13:39:17.512934,-86.4,-89.1,-81.5,-84.9,42.59,46.043,,,,
2026-05-22T13:39:17.716101,-86.9,-89.1,-81.5,-84.9,43.528,45.984,,,,
2026-05-22T13:39:17.731111,-86.9,-89.4,-81.5,-84.9,43.858,45.933,,,,
2026-05-22T13:39:17.742765,-86.9,-89.4,-81.1,-84.9,43.706,45.89,,,,
2026-05-22T13:39:17.755040,-86.9,-89.4,-81.1,-86.0,43.4,45.854,,,,
2026-05-22T13:39:17.966696,-86.9,-89.4,-81.1,-86.0,43.14,45.823,,,,
2026-05-22T13:39:17.979581,-86.9,-88.6,-81.1,-86.0,42.919,45.797,,,,
2026-05-22T13:39:17.990683,-86.9,-88.6,-81.1,-86.0,42.731,45.774,,,,
2026-05-22T13:39:18.002936,-86.9,-88.6,-81.1,-86.3,42.571,45.755,,,,
2026-05-22T13:39:18.222573,-86.9,-88.6,-81.1,-86.3,42.435,45.739,,,,
2026-05-22T13:39:18.234804,-86.9,-89.4,-81.1,-86.3,42.32,45.725,,,,
2026-05-22T13:39:18.245464,-86.9,-89.4,-81.2,-86.3,42.222,45.713,,,,
2026-05-22T13:39:18.256030,-86.9,-89.4,-81.2,-86.0,42.139,45.703,,,,
2026-05-22T13:39:18.473391,-86.9,-89.4,-81.2,-86.0,42.068,45.695,,,,
2026-05-22T13:39:18.485165,-86.9,-89.3,-81.2,-86.0,42.008,45.688,,,,
2026-05-22T13:39:18.495940,-86.9,-89.3,-81.6,-86.0,41.957,45.682,,,,
2026-05-22T13:39:18.506721,-86.9,-89.3,-81.6,-85.3,41.913,45.677,,,,
2026-05-22T13:39:18.723617,-86.9,-89.3,-81.6,-85.3,41.876,45.672,,,,
2026-05-22T13:39:18.735300,-86.9,-88.9,-81.6,-85.3,42.316,45.668,,,,
2026-05-22T13:39:18.747301,-86.9,-88.9,-81.8,-85.3,42.964,45.665,,,,
2026-05-22T13:39:18.759133,-86.9,-88.9,-81.8,-85.1,44.076,45.662,,,,
2026-05-22T13:39:18.974472,-86.8,-88.9,-81.8,-85.1,44.86,45.66,,,,
2026-05-22T13:39:18.987777,-86.8,-88.8,-81.8,-85.1,45.729,45.658,,,,
2026-05-22T13:39:18.998323,-86.8,-88.8,-81.6,-85.1,46.18,45.656,,,,
2026-05-22T13:39:19.009838,-86.8,-88.8,-81.6,-85.5,45.503,45.655,,,,
2026-05-22T13:39:19.224294,-86.9,-88.8,-81.6,-85.5,45.022,45.654,,,,
2026-05-22T13:39:19.236244,-86.9,-89.3,-81.6,-85.5,44.519,45.653,,,,
2026-05-22T13:39:19.247588,-86.9,-89.3,-82.7,-85.5,44.638,45.652,,,,
2026-05-22T13:39:19.260316,-86.9,-89.3,-82.7,-85.0,46.401,45.651,,,,
2026-05-22T13:39:19.474810,-87.6,-89.3,-82.7,-85.0,48.767,45.65,,,,
2026-05-22T13:39:19.486755,-87.6,-89.2,-82.7,-85.0,50.941,45.65,,,,
2026-05-22T13:39:19.497424,-87.6,-89.2,-82.0,-85.0,51.706,45.65,,,,
2026-05-22T13:39:19.507730,-87.6,-89.2,-82.0,-85.5,51.194,45.65,,,,
2026-05-22T13:39:19.727828,-87.6,-89.2,-82.0,-85.5,50.758,45.65,,,,
2026-05-22T13:39:19.739531,-87.6,-88.8,-82.0,-85.5,51.129,45.65,,,,
2026-05-22T13:39:19.750793,-87.6,-88.8,-82.4,-85.5,52.082,45.65,,,,
2026-05-22T13:39:19.762183,-87.6,-88.8,-82.4,-85.4,53.111,45.65,,,,
2026-05-22T13:39:19.978426,-87.1,-88.8,-82.4,-85.4,53.358,45.65,,,,
2026-05-22T13:39:20.016023,-87.1,-89.1,-82.4,-85.4,52.901,45.65,,,,
2026-05-22T13:39:20.047042,-87.1,-89.1,-82.1,-85.4,52.05,45.65,,,,
2026-05-22T13:39:20.087453,-87.1,-89.1,-82.1,-85.2,51.888,45.65,,,,
2026-05-22T13:39:20.228705,-87.0,-89.1,-82.1,-85.2,51.593,45.65,,,,
2026-05-22T13:39:20.256960,-87.0,-88.9,-82.1,-85.2,51.744,45.65,,,,
2026-05-22T13:39:20.284719,-87.0,-88.9,-81.9,-85.2,51.569,45.65,,,,
2026-05-22T13:39:20.310373,-87.0,-88.9,-81.9,-85.7,50.084,45.65,,,,
2026-05-22T13:39:20.479880,-87.1,-88.9,-81.9,-85.7,48.917,45.65,,,,
2026-05-22T13:39:20.519271,-87.1,-88.6,-81.9,-85.7,48.648,45.65,,,,
2026-05-22T13:39:20.572038,-87.1,-88.6,-82.6,-85.7,49.623,45.65,,,,
2026-05-22T13:39:20.600590,-87.1,-88.6,-82.6,-84.7,52.684,45.65,,,,
2026-05-22T13:39:20.729622,-86.7,-88.6,-82.6,-84.7,54.903,45.65,,,,
2026-05-22T13:39:20.760422,-86.7,-88.8,-82.6,-84.7,56.417,45.65,,,,
2026-05-22T13:39:20.791786,-86.7,-88.8,-82.3,-84.7,57.218,45.65,,,,
2026-05-22T13:39:20.821152,-86.7,-88.8,-82.3,-85.7,54.885,45.65,,,,
2026-05-22T13:39:20.979842,-86.2,-88.8,-82.3,-85.7,52.902,45.65,,,,
2026-05-22T13:39:21.000992,-86.2,-88.8,-82.3,-85.7,51.217,45.65,,,,
2026-05-22T13:39:21.031661,-86.2,-88.8,-82.4,-85.7,49.784,45.65,,,,
2026-05-22T13:39:21.059817,-86.2,-88.8,-82.4,-86.1,48.566,45.65,,,,
2026-05-22T13:39:21.230081,-86.0,-88.8,-82.4,-86.1,47.531,45.984,,,,
2026-05-22T13:39:21.259327,-86.0,-89.3,-82.4,-86.1,46.651,45.952,,,,
2026-05-22T13:39:21.287181,-86.0,-89.3,-82.2,-86.1,45.903,45.906,,,,
2026-05-22T13:39:21.315797,-86.0,-89.3,-82.2,-86.9,45.267,46.402,,,,
2026-05-22T13:39:21.481227,-86.3,-89.3,-82.2,-86.9,44.727,46.289,,,,
2026-05-22T13:39:21.510436,-86.3,-89.8,-82.2,-86.9,44.268,46.193,,,,
2026-05-22T13:39:21.539414,-86.3,-89.8,-82.1,-86.9,43.878,46.111,,,,
2026-05-22T13:39:21.566924,-86.3,-89.8,-82.1,-87.1,43.546,46.041,,,,
2026-05-22T13:39:21.731405,-85.5,-89.8,-82.1,-87.1,43.264,47.588,,,,
2026-05-22T13:39:21.758926,-85.5,-89.9,-82.1,-87.1,43.024,48.859,,,,
2026-05-22T13:39:21.785290,-85.5,-89.9,-82.3,-87.1,42.82,50.181,,,,
2026-05-22T13:39:21.813627,-85.5,-89.9,-82.3,-87.1,42.647,51.304,,,,
2026-05-22T13:39:21.981926,-86.0,-89.9,-82.3,-87.1,42.5,50.954,,,,
2026-05-22T13:39:22.007906,-86.0,-89.3,-82.3,-87.1,42.375,50.954,,,,
2026-05-22T13:39:22.034456,-86.0,-89.3,-81.9,-87.1,42.269,50.474,,,,
2026-05-22T13:39:22.060809,-86.0,-89.3,-81.9,-86.6,42.179,49.75,,,,
2026-05-22T13:39:22.231829,-86.5,-89.3,-81.9,-86.6,42.102,49.135,,,,
2026-05-22T13:39:22.256063,-86.5,-89.0,-81.9,-86.6,42.037,48.612,,,,
2026-05-22T13:39:22.286807,-86.5,-89.0,-82.2,-86.6,41.981,48.167,,,,
2026-05-22T13:39:22.314090,-86.5,-89.0,-82.2,-86.3,41.934,47.789,,,,
2026-05-22T13:39:22.482544,-86.4,-89.0,-82.2,-86.3,41.894,47.468,,,,
2026-05-22T13:39:22.508986,-86.4,-89.0,-82.2,-86.3,41.86,47.195,,,,
2026-05-22T13:39:22.536412,-86.4,-89.0,-82.6,-86.3,41.831,46.963,,,,
2026-05-22T13:39:22.564173,-86.4,-89.0,-82.6,-86.0,41.806,46.766,,,,
2026-05-22T13:39:22.733140,-86.5,-89.0,-82.6,-86.0,41.785,46.598,,,,
2026-05-22T13:39:22.757047,-86.5,-89.6,-82.6,-86.0,41.767,46.455,,,,
2026-05-22T13:39:22.781771,-86.5,-89.6,-83.3,-86.0,41.752,46.334,,,,
2026-05-22T13:39:22.810037,-86.5,-89.6,-83.3,-85.9,41.739,46.231,,,,
2026-05-22T13:39:22.985632,-86.7,-89.6,-83.3,-85.9,41.728,46.143,,,,
2026-05-22T13:39:23.017887,-86.7,-88.8,-83.3,-85.9,42.809,46.069,,,,
2026-05-22T13:39:23.047706,-86.7,-88.8,-82.9,-85.9,42.748,46.006,,,,
2026-05-22T13:39:23.079551,-86.7,-88.8,-82.9,-86.2,42.586,45.952,,,,
2026-05-22T13:39:23.235084,-87.1,-88.8,-82.9,-86.2,42.805,45.906,,,,
2026-05-22T13:39:23.256122,-87.1,-88.8,-82.9,-86.2,42.992,45.867,,,,
2026-05-22T13:39:23.284692,-87.1,-88.8,-82.9,-86.2,43.151,45.834,,,,
2026-05-22T13:39:23.312263,-87.1,-88.8,-82.9,-86.0,44.03,45.806,,,,
2026-05-22T13:39:23.485590,-86.9,-88.8,-82.9,-86.0,44.157,45.782,,,,
2026-05-22T13:39:23.506007,-86.9,-89.1,-82.9,-86.0,43.783,45.762,,,,
2026-05-22T13:39:23.535362,-86.9,-89.1,-82.4,-86.0,43.465,45.745,,,,
2026-05-22T13:39:23.564045,-86.9,-89.1,-82.4,-86.7,43.195,45.73,,,,
2026-05-22T13:39:23.736290,-86.4,-89.1,-82.4,-86.7,42.966,45.718,,,,
2026-05-22T13:39:23.766835,-86.4,-89.8,-82.4,-86.7,42.771,45.707,,,,
2026-05-22T13:39:23.792569,-86.4,-89.8,-82.7,-86.7,42.605,45.698,,,,
2026-05-22T13:39:23.963225,-86.4,-89.8,-82.7,-86.1,42.464,45.69,,,,
2026-05-22T13:39:24.005044,-86.6,-89.8,-82.7,-86.1,42.344,45.684,,,,
2026-05-22T13:39:24.038411,-86.6,-89.4,-82.7,-86.1,42.242,45.678,,,,
2026-05-22T13:39:24.065904,-86.6,-89.4,-82.6,-86.1,42.156,45.673,,,,
2026-05-22T13:39:24.095964,-86.6,-89.4,-82.6,-85.8,42.082,45.669,,,,
2026-05-22T13:39:24.237257,-86.5,-89.4,-82.6,-85.8,42.02,45.666,,,,
2026-05-22T13:39:24.265291,-86.5,-90.1,-82.6,-85.8,41.967,45.663,,,,
2026-05-22T13:39:24.291937,-86.5,-90.1,-82.4,-85.8,41.922,45.661,,,,
2026-05-22T13:39:24.318984,-86.5,-90.1,-82.4,-86.1,41.884,45.659,,,,
2026-05-22T13:39:24.487657,-86.5,-90.1,-82.4,-86.1,41.851,45.657,,,,
2026-05-22T13:39:24.515622,-86.5,-90.6,-82.4,-86.1,41.823,45.655,,,,
2026-05-22T13:39:24.541340,-86.5,-90.6,-82.0,-86.1,41.799,45.654,,,,
2026-05-22T13:39:24.564973,-86.5,-90.6,-82.0,-86.1,41.779,45.653,,,,
2026-05-22T13:39:24.738901,-86.6,-90.6,-82.0,-86.1,41.762,45.652,,,,
2026-05-22T13:39:24.769045,-86.6,-90.3,-82.0,-86.1,41.748,45.651,,,,
2026-05-22T13:39:24.796908,-86.6,-90.3,-81.6,-86.1,41.736,45.65,,,,
2026-05-22T13:39:24.823158,-86.6,-90.3,-81.6,-86.0,41.725,45.65,,,,
2026-05-22T13:39:24.989503,-86.2,-90.3,-81.6,-86.0,41.716,45.65,,,,
2026-05-22T13:39:25.016764,-86.2,-90.3,-81.6,-86.0,41.708,45.65,,,,
2026-05-22T13:39:25.043443,-86.2,-90.3,-81.5,-86.0,41.702,45.65,,,,
2026-05-22T13:39:25.070625,-86.2,-90.3,-81.5,-85.4,41.697,45.65,,,,
2026-05-22T13:39:25.240223,-85.6,-90.3,-81.5,-85.4,41.692,45.65,,,,
2026-05-22T13:39:25.264936,-85.6,-89.6,-81.5,-85.4,41.688,45.65,,,,
2026-05-22T13:39:25.298830,-85.6,-89.6,-82.0,-85.4,41.685,45.679,,,,
2026-05-22T13:39:25.326476,-85.6,-89.6,-82.0,-85.1,41.682,45.674,,,,
2026-05-22T13:39:25.492521,-86.1,-89.6,-82.0,-85.1,41.68,45.67,,,,
2026-05-22T13:39:25.525819,-86.1,-89.6,-82.0,-85.1,41.678,45.667,,,,
2026-05-22T13:39:25.555084,-86.1,-89.6,-82.4,-85.1,41.676,45.664,,,,
2026-05-22T13:39:25.584637,-86.1,-89.6,-82.4,-85.2,41.674,45.661,,,,
2026-05-22T13:39:25.740791,-86.7,-89.6,-82.4,-85.2,41.673,45.659,,,,
2026-05-22T13:39:25.767971,-86.7,-89.4,-82.4,-85.2,42.107,45.657,,,,
2026-05-22T13:39:25.798194,-86.7,-89.4,-81.9,-85.2,42.041,45.655,,,,
2026-05-22T13:39:25.826065,-86.7,-89.4,-81.9,-86.0,41.985,45.654,,,,
2026-05-22T13:39:25.992612,-87.1,-89.4,-81.9,-86.0,41.937,45.653,,,,
2026-05-22T13:39:26.012369,-87.1,-89.2,-81.9,-86.0,41.896,45.652,,,,
2026-05-22T13:39:26.040037,-87.1,-89.2,-82.1,-86.0,41.861,45.651,,,,
2026-05-22T13:39:26.066781,-87.1,-89.2,-82.1,-86.0,41.832,45.65,,,,
2026-05-22T13:39:26.242714,-87.0,-89.2,-82.1,-86.0,41.807,45.65,,,,
2026-05-22T13:39:26.262264,-87.0,-89.1,-82.1,-86.0,41.786,45.65,,,,
2026-05-22T13:39:26.295451,-87.0,-89.1,-82.4,-86.0,41.768,45.65,,,,
2026-05-22T13:39:26.323927,-87.0,-89.1,-82.4,-86.6,41.753,45.65,,,,
2026-05-22T13:39:26.493265,-86.4,-89.1,-82.4,-86.6,41.74,45.65,,,,
2026-05-22T13:39:26.517746,-86.4,-89.0,-82.4,-86.6,41.729,45.65,,,,
2026-05-22T13:39:26.664517,-86.4,-89.0,-82.3,-86.6,41.72,45.65,,,,
2026-05-22T13:39:26.704783,-86.4,-89.0,-82.3,-86.4,41.712,45.65,,,,
2026-05-22T13:39:26.743415,-86.2,-89.0,-82.3,-86.4,41.705,45.65,,,,
2026-05-22T13:39:26.770104,-86.2,-89.1,-82.3,-86.4,41.699,45.65,,,,
2026-05-22T13:39:26.797234,-86.2,-89.1,-82.4,-86.4,41.694,45.65,,,,
2026-05-22T13:39:26.824730,-86.2,-89.1,-82.4,-87.0,41.69,46.014,,,,
2026-05-22T13:39:26.994840,-86.3,-89.1,-82.4,-87.0,41.686,45.992,,,,
2026-05-22T13:39:27.022832,-86.3,-89.4,-82.4,-87.0,41.683,45.94,,,,
2026-05-22T13:39:27.059399,-86.3,-89.4,-82.0,-87.0,41.68,45.896,,,,
2026-05-22T13:39:27.093667,-86.3,-89.4,-82.0,-86.8,41.678,45.859,,,,
2026-05-22T13:39:27.244928,-86.2,-89.4,-82.0,-86.8,41.676,45.827,,,,
2026-05-22T13:39:27.271638,-86.2,-89.0,-82.0,-86.8,41.674,45.8,,,,
2026-05-22T13:39:27.298159,-86.2,-89.0,-82.5,-86.8,41.673,46.163,,,,
2026-05-22T13:39:27.325270,-86.2,-89.0,-82.5,-87.7,41.672,47.141,,,,
2026-05-22T13:39:27.495978,-86.6,-89.0,-82.5,-87.7,41.671,46.917,,,,
2026-05-22T13:39:27.522396,-86.6,-89.3,-82.5,-87.7,41.67,46.727,,,,
2026-05-22T13:39:27.550447,-86.6,-89.3,-81.8,-87.7,41.669,46.565,,,,
2026-05-22T13:39:27.576946,-86.6,-89.3,-81.8,-86.6,41.669,46.427,,,,
2026-05-22T13:39:27.746387,-86.2,-89.3,-81.8,-86.6,41.669,46.31,,,,
2026-05-22T13:39:27.769347,-86.2,-89.2,-81.8,-86.6,41.669,46.211,,,,
2026-05-22T13:39:27.797564,-86.2,-89.2,-81.4,-86.6,41.669,46.126,,,,
2026-05-22T13:39:27.827680,-86.2,-89.2,-81.4,-86.3,41.669,46.054,,,,
2026-05-22T13:39:27.996776,-86.7,-89.2,-81.4,-86.3,41.669,45.993,,,,
2026-05-22T13:39:28.044544,-86.7,-89.0,-81.4,-86.3,41.669,45.941,,,,
2026-05-22T13:39:28.071529,-86.7,-89.0,-82.0,-86.3,41.669,45.897,,,,
2026-05-22T13:39:28.099500,-86.7,-89.0,-82.0,-86.3,41.669,45.859,,,,
2026-05-22T13:39:28.246863,-86.8,-89.0,-82.0,-86.3,41.669,45.827,,,,
2026-05-22T13:39:28.267011,-86.8,-88.5,-82.0,-86.3,41.669,45.8,,,,
2026-05-22T13:39:28.294270,-86.8,-88.5,-82.1,-86.3,41.669,45.777,,,,
2026-05-22T13:39:28.322304,-86.8,-88.5,-82.1,-86.2,41.669,45.757,,,,
2026-05-22T13:39:28.497751,-86.1,-88.5,-82.1,-86.2,41.669,45.74,,,,
2026-05-22T13:39:28.525199,-86.1,-87.8,-82.1,-86.2,41.669,46.222,,,,
2026-05-22T13:39:28.552174,-86.1,-87.8,-81.5,-86.2,41.669,46.136,,,,
2026-05-22T13:39:28.579938,-86.1,-87.8,-81.5,-85.9,41.669,46.063,,,,
2026-05-22T13:39:28.747811,-86.4,-87.8,-81.5,-85.9,41.999,46.001,,,,
2026-05-22T13:39:28.775689,-86.4,-87.0,-81.5,-85.9,45.308,45.948,,,,
2026-05-22T13:39:28.802379,-86.4,-87.0,-81.4,-85.9,47.938,45.903,,,,
2026-05-22T13:39:28.830472,-86.4,-87.0,-81.4,-86.1,49.847,45.865,,,,
2026-05-22T13:39:28.998770,-86.2,-87.0,-81.4,-86.1,51.169,45.832,,,,
2026-05-22T13:39:29.024961,-86.2,-86.8,-81.4,-86.1,53.052,45.804,,,,
2026-05-22T13:39:29.053505,-86.2,-86.8,-81.8,-86.1,51.344,46.628,,,,
2026-05-22T13:39:29.081633,-86.2,-86.8,-81.8,-86.3,49.892,47.757,,,,
2026-05-22T13:39:29.248630,-86.6,-86.8,-81.8,-86.3,52.884,47.441,,,,
2026-05-22T13:39:29.281448,-86.6,-87.6,-81.8,-86.3,52.382,47.172,,,,
2026-05-22T13:39:29.309361,-86.6,-87.6,-82.1,-86.3,52.634,46.943,,,,
2026-05-22T13:39:29.337470,-86.6,-87.6,-82.1,-85.7,54.194,46.749,,,,
2026-05-22T13:39:29.499497,-86.8,-87.6,-82.1,-85.7,55.763,46.584,,,,
2026-05-22T13:39:29.527890,-86.8,-88.0,-82.1,-85.7,55.945,46.443,,,,
2026-05-22T13:39:29.554580,-86.8,-88.0,-82.3,-85.7,56.476,46.324,,,,
2026-05-22T13:39:29.583428,-86.8,-88.0,-82.3,-84.9,58.508,46.222,,,,
2026-05-22T13:39:29.750023,-86.5,-88.0,-82.3,-84.9,59.948,46.136,,,,
2026-05-22T13:39:29.774858,-86.5,-87.9,-82.3,-84.9,61.39,46.063,,,,
2026-05-22T13:39:29.805304,-86.5,-87.9,-83.0,-84.9,63.845,46.001,,,,
2026-05-22T13:39:29.838902,-86.5,-87.9,-83.0,-85.9,63.992,45.948,,,,
2026-05-22T13:39:30.000579,-86.3,-87.9,-83.0,-85.9,60.643,46.431,,,,
2026-05-22T13:39:30.020441,-86.3,-87.9,-83.0,-85.9,57.796,46.842,,,,
2026-05-22T13:39:30.049502,-86.3,-87.9,-82.6,-85.9,57.45,46.663,,,,
2026-05-22T13:39:30.086125,-86.3,-87.9,-82.6,-86.4,55.082,47.231,,,,
2026-05-22T13:39:30.251052,-86.3,-87.9,-82.6,-86.4,53.07,47.713,,,,
2026-05-22T13:39:30.269112,-86.3,-88.1,-82.6,-86.4,51.359,47.848,,,,
2026-05-22T13:39:30.297593,-86.3,-88.1,-82.7,-86.4,49.905,48.169,,,,
2026-05-22T13:39:30.328536,-86.3,-88.1,-82.7,-86.2,48.669,48.046,,,,
2026-05-22T13:39:30.502532,-86.4,-88.1,-82.7,-86.2,47.619,47.686,,,,
2026-05-22T13:39:30.549450,-86.4,-88.4,-82.7,-86.2,46.726,47.38,,,,
2026-05-22T13:39:30.584576,-86.4,-88.4,-82.8,-86.2,45.967,47.12,,,,
2026-05-22T13:39:30.619989,-86.4,-88.4,-82.8,-85.6,47.117,46.899,,,,
2026-05-22T13:39:30.779076,-87.0,-88.4,-82.8,-85.6,49.334,46.711,,,,
2026-05-22T13:39:30.807487,-87.0,-88.7,-82.8,-85.6,50.408,46.551,,,,
2026-05-22T13:39:30.833276,-87.0,-88.7,-82.0,-85.6,49.915,46.415,,,,
2026-05-22T13:39:30.858085,-87.0,-88.7,-82.0,-85.2,50.573,46.3,,,,
2026-05-22T13:39:31.003268,-87.0,-88.7,-82.0,-85.2,51.132,46.202,,,,
2026-05-22T13:39:31.026548,-87.0,-88.7,-82.0,-85.2,51.607,46.119,,,,
2026-05-22T13:39:31.057446,-87.0,-88.7,-82.0,-85.2,52.011,46.048,,,,
2026-05-22T13:39:31.081648,-87.0,-88.7,-82.0,-85.1,52.599,45.988,,,,
2026-05-22T13:39:31.253492,-86.6,-88.7,-82.0,-85.1,52.488,45.937,,,,
2026-05-22T13:39:31.281309,-86.6,-89.0,-82.0,-85.1,51.705,45.894,,,,
2026-05-22T13:39:31.312546,-86.6,-89.0,-82.5,-85.1,51.856,45.857,,,,
2026-05-22T13:39:31.343848,-86.6,-89.0,-82.5,-84.7,53.163,45.825,,,,
2026-05-22T13:39:31.503793,-86.6,-89.0,-82.5,-84.7,54.274,45.798,,,,
2026-05-22T13:39:31.532512,-86.6,-89.1,-82.5,-84.7,55.033,45.775,,,,
2026-05-22T13:39:31.561367,-86.6,-89.1,-82.8,-84.7,56.169,45.756,,,,
2026-05-22T13:39:31.588710,-86.6,-89.1,-82.8,-85.0,56.264,45.74,,,,
2026-05-22T13:39:31.754394,-86.8,-89.1,-82.8,-85.0,56.694,45.726,,,,
2026-05-22T13:39:31.772814,-86.8,-89.0,-82.8,-85.0,57.267,45.714,,,,
2026-05-22T13:39:31.812956,-86.8,-89.0,-82.9,-85.0,57.928,45.704,,,,
2026-05-22T13:39:31.841798,-86.8,-89.0,-82.9,-85.8,55.727,45.695,,,,
2026-05-22T13:39:32.004688,-86.6,-89.0,-82.9,-85.8,53.618,45.688,,,,
2026-05-22T13:39:32.030369,-86.6,-89.0,-82.9,-85.8,51.825,45.682,,,,
2026-05-22T13:39:32.059360,-86.6,-89.0,-82.6,-85.8,50.301,45.677,,,,
2026-05-22T13:39:32.088040,-86.6,-89.0,-82.6,-86.4,49.006,45.672,,,,
2026-05-22T13:39:32.254998,-86.8,-89.0,-82.6,-86.4,47.905,45.668,,,,
2026-05-22T13:39:32.284914,-86.8,-89.5,-82.6,-86.4,46.969,45.665,,,,
2026-05-22T13:39:32.313386,-86.8,-89.5,-82.4,-86.4,46.174,45.662,,,,
2026-05-22T13:39:32.344189,-86.8,-89.5,-82.4,-86.7,45.498,45.66,,,,
2026-05-22T13:39:32.506416,-86.9,-89.5,-82.4,-86.7,44.923,45.658,,,,
2026-05-22T13:39:32.540015,-86.9,-89.3,-82.4,-86.7,44.434,45.656,,,,
2026-05-22T13:39:32.574891,-86.9,-89.3,-82.3,-86.7,44.019,45.655,,,,
2026-05-22T13:39:32.610760,-86.9,-89.3,-82.3,-86.2,43.666,45.654,,,,
2026-05-22T13:39:32.755952,-87.0,-89.3,-82.3,-86.2,43.366,45.653,,,,
2026-05-22T13:39:32.783654,-87.0,-88.9,-82.3,-86.2,43.111,45.652,,,,
2026-05-22T13:39:32.811533,-87.0,-88.9,-82.3,-86.2,42.894,45.651,,,,
2026-05-22T13:39:32.840223,-87.0,-88.9,-82.3,-86.4,42.71,45.65,,,,
2026-05-22T13:39:33.006431,-87.1,-88.9,-82.3,-86.4,42.553,45.65,,,,
2026-05-22T13:39:33.027294,-87.1,-89.3,-82.3,-86.4,42.42,45.65,,,,
2026-05-22T13:39:33.056364,-87.1,-89.3,-82.2,-86.4,42.307,45.65,,,,
2026-05-22T13:39:33.086460,-87.1,-89.3,-82.2,-86.7,42.211,45.65,,,,
2026-05-22T13:39:33.256656,-87.1,-89.3,-82.2,-86.7,42.129,45.65,,,,
2026-05-22T13:39:33.277933,-87.1,-89.1,-82.2,-86.7,42.06,45.65,,,,
2026-05-22T13:39:33.310411,-87.1,-89.1,-82.3,-86.7,42.001,45.65,,,,
2026-05-22T13:39:33.338938,-87.1,-89.1,-82.3,-86.0,41.951,45.65,,,,
2026-05-22T13:39:33.507271,-87.0,-89.1,-82.3,-86.0,41.908,45.65,,,,
2026-05-22T13:39:33.536776,-87.0,-88.4,-82.3,-86.0,42.873,45.65,,,,
2026-05-22T13:39:33.565062,-87.0,-88.4,-82.8,-86.0,44.697,45.65,,,,
2026-05-22T13:39:33.592192,-87.0,-88.4,-82.8,-86.1,45.954,45.65,,,,
2026-05-22T13:39:33.757836,-86.8,-88.4,-82.8,-86.1,46.467,45.65,,,,
2026-05-22T13:39:33.779334,-86.8,-88.5,-82.8,-86.1,46.461,45.65,,,,
2026-05-22T13:39:33.809541,-86.8,-88.5,-82.6,-86.1,45.993,45.65,,,,
2026-05-22T13:39:33.838056,-86.8,-88.5,-82.6,-86.0,46.021,45.65,,,,
2026-05-22T13:39:34.008446,-86.5,-88.5,-82.6,-86.0,45.368,45.65,,,,
2026-05-22T13:39:34.030526,-86.5,-88.5,-82.6,-86.0,44.813,45.65,,,,
2026-05-22T13:39:34.062457,-86.5,-88.5,-83.1,-86.0,44.916,45.65,,,,
2026-05-22T13:39:34.092706,-86.5,-88.5,-83.1,-85.7,46.443,45.65,,,,
2026-05-22T13:39:34.258387,-87.0,-88.5,-83.1,-85.7,48.837,45.65,,,,
2026-05-22T13:39:34.277745,-87.0,-88.7,-83.1,-85.7,50.295,45.65,,,,
2026-05-22T13:39:34.313483,-87.0,-88.7,-82.2,-85.7,49.845,45.65,,,,
2026-05-22T13:39:34.341406,-87.0,-88.7,-82.2,-85.8,49.147,45.65,,,,
2026-05-22T13:39:34.508756,-87.1,-88.7,-82.2,-85.8,48.78,45.65,,,,
2026-05-22T13:39:34.536872,-87.1,-88.4,-82.2,-85.8,49.292,45.65,,,,
2026-05-22T13:39:34.565125,-87.1,-88.4,-81.8,-85.8,49.053,45.65,,,,
2026-05-22T13:39:34.593968,-87.1,-88.4,-81.8,-85.5,49.594,45.65,,,,
2026-05-22T13:39:34.759039,-87.0,-88.4,-81.8,-85.5,49.909,45.65,,,,
2026-05-22T13:39:34.788104,-87.0,-88.2,-81.8,-85.5,50.66,45.65,,,,
2026-05-22T13:39:34.816457,-87.0,-88.2,-81.6,-85.5,50.977,45.65,,,,
2026-05-22T13:39:34.843606,-87.0,-88.2,-81.6,-85.1,52.103,45.65,,,,
2026-05-22T13:39:35.010132,-87.3,-88.2,-81.6,-85.1,53.333,45.65,,,,
2026-05-22T13:39:35.041475,-87.3,-88.2,-81.6,-85.1,54.379,45.65,,,,
2026-05-22T13:39:35.071029,-87.3,-88.2,-81.5,-85.1,55.118,45.65,,,,
2026-05-22T13:39:35.101281,-87.3,-88.2,-81.5,-85.0,55.929,45.65,,,,
2026-05-22T13:39:35.259900,-87.2,-88.2,-81.5,-85.0,56.538,45.65,,,,
2026-05-22T13:39:35.284162,-87.2,-88.4,-81.5,-85.0,56.693,45.65,,,,
2026-05-22T13:39:35.310448,-87.2,-88.4,-81.5,-85.0,56.825,45.65,,,,
2026-05-22T13:39:35.345429,-87.2,-88.4,-81.5,-85.2,56.53,45.65,,,,
2026-05-22T13:39:35.510524,-87.0,-88.4,-81.5,-85.2,56.055,45.65,,,,
2026-05-22T13:39:35.534949,-87.0,-88.6,-81.5,-85.2,55.251,45.65,,,,
2026-05-22T13:39:35.561458,-87.0,-88.6,-82.5,-85.2,56.148,45.65,,,,
2026-05-22T13:39:35.589701,-87.0,-88.6,-82.5,-85.5,56.175,45.65,,,,
2026-05-22T13:39:35.760975,-87.3,-88.6,-82.5,-85.5,56.621,45.65,,,,
2026-05-22T13:39:35.787068,-87.3,-89.2,-82.5,-85.5,55.677,45.65,,,,
2026-05-22T13:39:35.815918,-87.3,-89.2,-82.2,-85.5,54.414,45.65,,,,
2026-05-22T13:39:35.843764,-87.3,-89.2,-82.2,-85.1,54.397,45.65,,,,
2026-05-22T13:39:36.011651,-87.1,-89.2,-82.2,-85.1,54.117,45.65,,,,
2026-05-22T13:39:36.040113,-87.1,-89.0,-82.2,-85.1,54.25,45.65,,,,
2026-05-22T13:39:36.066687,-87.1,-89.0,-81.7,-85.1,53.631,45.65,,,,
2026-05-22T13:39:36.211426,-87.1,-89.0,-81.7,-84.8,53.831,45.65,,,,
2026-05-22T13:39:36.262517,-86.8,-89.0,-81.7,-84.8,53.641,45.65,,,,
2026-05-22T13:39:36.289926,-86.8,-89.0,-81.7,-84.8,53.48,45.65,,,,
2026-05-22T13:39:36.317188,-86.8,-89.0,-81.3,-84.8,52.815,45.65,,,,
2026-05-22T13:39:36.343689,-86.8,-89.0,-81.3,-85.2,51.157,45.65,,,,
2026-05-22T13:39:36.512916,-87.0,-89.0,-81.3,-85.2,50.094,45.65,,,,
2026-05-22T13:39:36.526593,-87.0,-88.8,-81.3,-85.2,49.541,45.65,,,,
2026-05-22T13:39:36.538285,-87.0,-88.8,-81.4,-85.2,49.197,45.65,,,,
2026-05-22T13:39:36.553877,-87.0,-88.8,-81.4,-85.3,48.648,45.65,,,,
2026-05-22T13:39:36.763521,-87.1,-88.8,-81.4,-85.3,48.332,45.65,,,,
2026-05-22T13:39:36.777274,-87.1,-88.9,-81.4,-85.3,47.882,45.65,,,,
2026-05-22T13:39:36.792135,-87.1,-88.9,-81.3,-85.3,47.379,45.65,,,,
2026-05-22T13:39:36.804213,-87.1,-88.9,-81.3,-85.5,46.522,45.65,,,,
2026-05-22T13:39:37.014290,-87.0,-88.9,-81.3,-85.5,45.794,45.65,,,,
2026-05-22T13:39:37.027596,-87.0,-89.6,-81.3,-85.5,45.175,45.65,,,,
2026-05-22T13:39:37.041085,-87.0,-89.6,-81.9,-85.5,44.649,45.65,,,,
2026-05-22T13:39:37.054266,-87.0,-89.6,-81.9,-85.7,44.202,45.65,,,,
2026-05-22T13:39:37.264564,-87.0,-89.6,-81.9,-85.7,43.822,45.65,,,,
2026-05-22T13:39:37.279076,-87.0,-89.1,-81.9,-85.7,43.499,45.65,,,,
2026-05-22T13:39:37.290962,-87.0,-89.1,-81.5,-85.7,43.224,45.65,,,,
2026-05-22T13:39:37.306040,-87.0,-89.1,-81.5,-84.9,44.201,45.65,,,,
2026-05-22T13:39:37.515213,-86.9,-89.1,-81.5,-84.9,44.897,45.65,,,,
2026-05-22T13:39:37.529508,-86.9,-89.0,-81.5,-84.9,45.653,45.65,,,,
2026-05-22T13:39:37.541418,-86.9,-89.0,-81.6,-84.9,46.429,45.65,,,,
2026-05-22T13:39:37.553502,-86.9,-89.0,-81.6,-84.7,47.588,45.65,,,,
2026-05-22T13:39:37.765652,-87.6,-89.0,-81.6,-84.7,49.21,45.65,,,,
2026-05-22T13:39:37.776933,-87.6,-88.8,-81.6,-84.7,50.866,45.65,,,,
2026-05-22T13:39:37.790319,-87.6,-88.8,-81.9,-84.7,52.705,45.65,,,,
2026-05-22T13:39:37.802036,-87.6,-88.8,-81.9,-84.7,54.269,45.65,,,,
2026-05-22T13:39:38.016391,-86.9,-88.8,-81.9,-84.7,55.003,45.65,,,,
2026-05-22T13:39:38.030988,-86.9,-88.3,-81.9,-84.7,56.491,45.65,,,,
2026-05-22T13:39:38.042277,-86.9,-88.3,-82.0,-84.7,57.911,45.65,,,,
2026-05-22T13:39:38.056766,-86.9,-88.3,-82.0,-85.2,58.101,45.65,,,,
2026-05-22T13:39:38.266618,-86.5,-88.3,-82.0,-85.2,57.686,45.65,,,,
2026-05-22T13:39:38.284222,-86.5,-88.5,-82.0,-85.2,56.808,45.65,,,,
2026-05-22T13:39:38.298205,-86.5,-88.5,-82.6,-85.2,57.136,45.65,,,,
2026-05-22T13:39:38.312282,-86.5,-88.5,-82.6,-86.0,54.816,45.65,,,,
2026-05-22T13:39:38.516720,-87.5,-88.5,-82.6,-86.0,55.018,45.65,,,,
2026-05-22T13:39:38.527518,-87.5,-89.2,-82.6,-86.0,53.374,45.65,,,,
2026-05-22T13:39:38.540945,-87.5,-89.2,-81.8,-86.0,51.618,45.65,,,,
2026-05-22T13:39:38.551983,-87.5,-89.2,-81.8,-85.7,50.216,45.65,,,,
2026-05-22T13:39:38.767385,-87.3,-89.2,-81.8,-85.7,48.933,45.65,,,,
2026-05-22T13:39:38.779801,-87.3,-88.4,-81.8,-85.7,49.303,45.65,,,,
2026-05-22T13:39:38.817309,-87.3,-88.4,-81.9,-85.7,49.777,45.65,,,,
2026-05-22T13:39:38.836085,-87.3,-88.4,-81.9,-85.8,49.949,45.65,,,,
2026-05-22T13:39:39.017946,-87.1,-88.4,-81.9,-85.8,49.773,45.65,,,,
2026-05-22T13:39:39.029628,-87.1,-88.3,-81.9,-85.8,49.892,45.65,,,,
2026-05-22T13:39:39.046410,-87.1,-88.3,-81.9,-85.8,49.993,45.65,,,,
2026-05-22T13:39:39.057467,-87.1,-88.3,-81.9,-86.7,48.744,45.65,,,,
2026-05-22T13:39:39.267848,-86.9,-88.3,-81.9,-86.7,47.682,45.65,,,,
2026-05-22T13:39:39.282649,-86.9,-88.5,-81.9,-86.7,46.78,45.65,,,,
2026-05-22T13:39:39.294616,-86.9,-88.5,-82.2,-86.7,46.013,45.65,,,,
2026-05-22T13:39:39.309198,-86.9,-88.5,-82.2,-86.9,45.361,45.65,,,,
2026-05-22T13:39:39.518628,-87.3,-88.5,-82.2,-86.9,44.807,45.65,,,,
2026-05-22T13:39:39.535400,-87.3,-88.4,-82.2,-86.9,44.336,45.65,,,,
2026-05-22T13:39:39.546869,-87.3,-88.4,-82.3,-86.9,43.935,45.65,,,,
2026-05-22T13:39:39.564130,-87.3,-88.4,-82.3,-87.0,43.595,45.65,,,,
2026-05-22T13:39:39.768748,-87.0,-88.4,-82.3,-87.0,43.306,45.65,,,,
2026-05-22T13:39:39.782515,-87.0,-88.1,-82.3,-87.0,43.06,45.65,,,,
2026-05-22T13:39:39.798441,-87.0,-88.1,-82.5,-87.0,42.851,45.65,,,,
2026-05-22T13:39:39.811828,-87.0,-88.1,-82.5,-86.6,43.337,45.65,,,,
2026-05-22T13:39:40.019528,-87.3,-88.1,-82.5,-86.6,44.552,45.65,,,,
2026-05-22T13:39:40.034348,-87.3,-88.0,-82.5,-86.6,45.965,45.65,,,,
2026-05-22T13:39:40.046887,-87.3,-88.0,-82.9,-86.6,48.051,45.65,,,,
2026-05-22T13:39:40.060551,-87.3,-88.0,-82.9,-86.5,50.036,45.65,,,,
2026-05-22T13:39:40.270855,-87.3,-88.0,-82.9,-86.5,51.724,45.65,,,,
2026-05-22T13:39:40.289499,-87.3,-87.9,-82.9,-86.5,53.512,45.65,,,,
2026-05-22T13:39:40.307970,-87.3,-87.9,-82.6,-86.5,54.378,45.65,,,,
2026-05-22T13:39:40.322650,-87.3,-87.9,-82.6,-86.5,55.114,45.65,,,,
2026-05-22T13:39:40.520405,-87.8,-87.9,-82.6,-86.5,56.367,45.65,,,,
2026-05-22T13:39:40.541786,-87.8,-88.2,-82.6,-86.5,56.531,45.65,,,,
2026-05-22T13:39:40.558430,-87.8,-88.2,-81.6,-86.5,54.921,45.65,,,,
2026-05-22T13:39:40.577943,-87.8,-88.2,-81.6,-86.1,54.326,45.65,,,,
2026-05-22T13:39:40.771451,-87.9,-88.2,-81.6,-86.1,53.924,45.65,,,,
2026-05-22T13:39:40.790917,-87.9,-87.9,-81.6,-86.1,54.281,45.65,,,,
2026-05-22T13:39:40.806698,-87.9,-87.9,-81.3,-86.1,54.119,45.65,,,,
2026-05-22T13:39:40.819551,-87.9,-87.9,-81.3,-85.4,55.082,45.65,,,,
2026-05-22T13:39:41.022253,-88.1,-87.9,-81.3,-85.4,56.014,45.65,,,,
2026-05-22T13:39:41.043422,-88.1,-88.1,-81.3,-85.4,56.445,45.65,,,,
2026-05-22T13:39:41.058592,-88.1,-88.1,-81.4,-85.4,56.957,45.65,,,,
2026-05-22T13:39:41.075350,-88.1,-88.1,-81.4,-85.3,57.548,45.65,,,,
2026-05-22T13:39:41.272815,-88.2,-88.1,-81.4,-85.3,58.105,45.65,,,,
2026-05-22T13:39:41.292587,-88.2,-88.1,-81.4,-85.3,58.579,45.65,,,,
2026-05-22T13:39:41.305782,-88.2,-88.1,-80.9,-85.3,58.284,45.65,,,,
2026-05-22T13:39:41.319296,-88.2,-88.1,-80.9,-85.3,58.033,45.65,,,,
2026-05-22T13:39:41.522562,-86.4,-88.1,-80.9,-85.3,55.929,45.65,,,,
2026-05-22T13:39:41.538367,-86.4,-88.3,-80.9,-85.3,53.79,45.65,,,,
2026-05-22T13:39:41.556817,-86.4,-88.3,-81.1,-85.3,52.064,45.65,,,,
2026-05-22T13:39:41.569792,-86.4,-88.3,-81.1,-86.1,50.504,45.65,,,,
2026-05-22T13:39:41.773392,-86.7,-88.3,-81.1,-86.1,49.178,45.65,,,,
2026-05-22T13:39:41.810058,-86.7,-88.1,-81.1,-86.1,48.051,45.65,,,,
2026-05-22T13:39:41.825286,-86.7,-88.1,-81.9,-86.1,47.231,45.65,,,,
2026-05-22T13:39:41.840654,-86.7,-88.1,-81.9,-86.5,46.396,45.65,,,,
2026-05-22T13:39:42.023170,-86.4,-88.1,-81.9,-86.5,45.686,45.65,,,,
2026-05-22T13:39:42.039290,-86.4,-88.3,-81.9,-86.5,45.083,45.65,,,,
2026-05-22T13:39:42.051194,-86.4,-88.3,-82.1,-86.5,44.57,45.65,,,,
2026-05-22T13:39:42.062831,-86.4,-88.3,-82.1,-85.9,44.134,45.65,,,,
2026-05-22T13:39:42.273619,-86.5,-88.3,-82.1,-85.9,43.764,45.65,,,,
2026-05-22T13:39:42.286769,-86.5,-89.0,-82.1,-85.9,43.449,45.65,,,,
2026-05-22T13:39:42.301313,-86.5,-89.0,-81.3,-85.9,43.182,45.65,,,,
2026-05-22T13:39:42.313397,-86.5,-89.0,-81.3,-85.7,42.955,45.65,,,,
2026-05-22T13:39:42.523788,-87.1,-89.0,-81.3,-85.7,42.762,45.65,,,,
2026-05-22T13:39:42.536771,-87.1,-89.3,-81.3,-85.7,42.598,45.65,,,,
2026-05-22T13:39:42.547875,-87.1,-89.3,-81.1,-85.7,42.458,45.65,,,,
2026-05-22T13:39:42.561599,-87.1,-89.3,-81.1,-85.7,42.339,45.65,,,,
2026-05-22T13:39:42.774080,-87.5,-89.3,-81.1,-85.7,42.238,45.65,,,,
2026-05-22T13:39:42.790585,-87.5,-89.8,-81.1,-85.7,42.152,45.65,,,,
2026-05-22T13:39:42.802965,-87.5,-89.8,-81.3,-85.7,42.079,45.65,,,,
2026-05-22T13:39:42.814689,-87.5,-89.8,-81.3,-86.3,42.017,45.65,,,,
2026-05-22T13:39:43.024698,-87.3,-89.8,-81.3,-86.3,41.964,45.65,,,,
2026-05-22T13:39:43.038099,-87.3,-89.8,-81.3,-86.3,41.919,45.65,,,,
2026-05-22T13:39:43.051716,-87.3,-89.8,-81.2,-86.3,41.881,45.65,,,,
2026-05-22T13:39:43.063718,-87.3,-89.8,-81.2,-85.9,41.849,45.65,,,,
2026-05-22T13:39:43.274877,-87.3,-89.8,-81.2,-85.9,41.822,45.65,,,,
2026-05-22T13:39:43.288651,-87.3,-89.8,-81.2,-85.9,41.799,45.65,,,,
2026-05-22T13:39:43.300244,-87.3,-89.8,-81.4,-85.9,41.779,45.65,,,,
2026-05-22T13:39:43.313677,-87.3,-89.8,-81.4,-85.9,41.762,45.65,,,,
2026-05-22T13:39:43.524921,-86.6,-89.8,-81.4,-85.9,41.748,45.65,,,,
2026-05-22T13:39:43.541279,-86.6,-89.9,-81.4,-85.9,41.736,45.65,,,,
2026-05-22T13:39:43.552320,-86.6,-89.9,-81.5,-85.9,41.725,45.65,,,,
2026-05-22T13:39:43.568923,-86.6,-89.9,-81.5,-85.8,41.716,45.65,,,,
2026-05-22T13:39:43.775812,-86.8,-89.9,-81.5,-85.8,41.708,45.65,,,,
2026-05-22T13:39:43.787776,-86.8,-89.7,-81.5,-85.8,41.702,45.65,,,,
2026-05-22T13:39:43.801268,-86.8,-89.7,-81.5,-85.8,41.697,45.65,,,,
2026-05-22T13:39:43.812914,-86.8,-89.7,-81.5,-86.2,41.692,45.65,,,,
2026-05-22T13:39:44.026378,-87.5,-89.7,-81.5,-86.2,41.688,45.65,,,,
2026-05-22T13:39:44.038371,-87.5,-88.9,-81.5,-86.2,41.685,45.65,,,,
2026-05-22T13:39:44.049869,-87.5,-88.9,-81.2,-86.2,41.682,45.65,,,,
2026-05-22T13:39:44.063939,-87.5,-88.9,-81.2,-86.2,41.68,45.65,,,,
2026-05-22T13:39:44.276581,-86.9,-88.9,-81.2,-86.2,41.678,45.65,,,,
2026-05-22T13:39:44.290404,-86.9,-88.4,-81.2,-86.2,41.676,45.65,,,,
2026-05-22T13:39:44.301982,-86.9,-88.4,-80.9,-86.2,41.674,45.65,,,,
2026-05-22T13:39:44.318470,-86.9,-88.4,-80.9,-86.1,41.673,45.65,,,,
2026-05-22T13:39:44.526481,-86.0,-88.4,-80.9,-86.1,41.672,45.65,,,,
2026-05-22T13:39:44.538195,-86.0,-88.7,-80.9,-86.1,41.671,45.65,,,,
2026-05-22T13:39:44.551018,-86.0,-88.7,-80.6,-86.1,41.67,45.65,,,,
2026-05-22T13:39:44.562103,-86.0,-88.7,-80.6,-86.1,41.669,45.65,,,,
2026-05-22T13:39:44.776624,-86.7,-88.7,-80.6,-86.1,41.669,45.65,,,,
2026-05-22T13:39:44.787886,-86.7,-88.9,-80.6,-86.1,41.669,45.65,,,,
2026-05-22T13:39:44.801371,-86.7,-88.9,-80.9,-86.1,41.669,45.65,,,,
2026-05-22T13:39:44.811974,-86.7,-88.9,-80.9,-86.0,41.669,45.65,,,,
2026-05-22T13:39:45.027233,-86.5,-88.9,-80.9,-86.0,41.669,45.65,,,,
2026-05-22T13:39:45.044486,-86.5,-89.1,-80.9,-86.0,41.669,45.65,,,,
2026-05-22T13:39:45.059308,-86.5,-89.1,-81.4,-86.0,41.669,45.65,,,,
2026-05-22T13:39:45.076134,-86.5,-89.1,-81.4,-86.0,41.669,45.65,,,,
2026-05-22T13:39:45.277016,-87.1,-89.1,-81.4,-86.0,41.669,45.65,,,,
2026-05-22T13:39:45.288087,-87.1,-89.5,-81.4,-86.0,41.669,45.65,,,,
2026-05-22T13:39:45.301737,-87.1,-89.5,-81.4,-86.0,41.669,45.65,,,,
2026-05-22T13:39:45.312303,-87.1,-89.5,-81.4,-86.2,41.669,45.65,,,,
2026-05-22T13:39:45.527937,-87.1,-89.5,-81.4,-86.2,41.669,45.65,,,,
2026-05-22T13:39:45.538756,-87.1,-89.1,-81.4,-86.2,41.669,45.65,,,,
2026-05-22T13:39:45.552173,-87.1,-89.1,-81.3,-86.2,41.669,45.65,,,,
2026-05-22T13:39:45.562731,-87.1,-89.1,-81.3,-85.9,41.669,45.65,,,,
2026-05-22T13:39:45.778318,-87.1,-89.1,-81.3,-85.9,41.669,45.65,,,,
2026-05-22T13:39:45.789696,-87.1,-89.4,-81.3,-85.9,41.669,45.65,,,,
2026-05-22T13:39:45.799991,-87.1,-89.4,-80.7,-85.9,41.669,45.65,,,,
2026-05-22T13:39:45.813305,-87.1,-89.4,-80.7,-85.6,41.669,45.65,,,,
2026-05-22T13:39:46.028573,-87.1,-89.4,-80.7,-85.6,41.669,45.65,,,,
2026-05-22T13:39:46.040558,-87.1,-88.9,-80.7,-85.6,41.669,45.65,,,,
2026-05-22T13:39:46.051629,-87.1,-88.9,-81.6,-85.6,41.669,45.65,,,,
2026-05-22T13:39:46.062072,-87.1,-88.9,-81.6,-85.4,42.211,45.65,,,,
2026-05-22T13:39:46.278412,-86.9,-88.9,-81.6,-85.4,42.308,45.65,,,,
2026-05-22T13:39:46.289059,-86.9,-88.8,-81.6,-85.4,42.602,45.65,,,,
2026-05-22T13:39:46.299683,-86.9,-88.8,-81.3,-85.4,42.477,45.65,,,,
2026-05-22T13:39:46.310722,-86.9,-88.8,-81.3,-85.2,42.913,45.65,,,,
2026-05-22T13:39:46.529374,-86.5,-88.8,-81.3,-85.2,42.726,45.65,,,,
2026-05-22T13:39:46.546611,-86.5,-89.0,-81.3,-85.2,42.567,45.65,,,,
2026-05-22T13:39:46.557705,-86.5,-89.0,-81.3,-85.2,42.432,45.65,,,,
2026-05-22T13:39:46.569591,-86.5,-89.0,-81.3,-86.0,42.317,45.65,,,,
2026-05-22T13:39:46.779640,-86.2,-89.0,-81.3,-86.0,42.219,45.65,,,,
2026-05-22T13:39:46.791297,-86.2,-88.9,-81.3,-86.0,42.136,45.65,,,,
2026-05-22T13:39:46.801835,-86.2,-88.9,-81.3,-86.0,42.066,45.65,,,,
2026-05-22T13:39:46.812318,-86.2,-88.9,-81.3,-85.2,42.006,45.65,,,,
2026-05-22T13:39:47.030510,-86.5,-88.9,-81.3,-85.2,41.955,45.65,,,,
2026-05-22T13:39:47.043561,-86.5,-88.8,-81.3,-85.2,41.912,45.65,,,,
2026-05-22T13:39:47.054717,-86.5,-88.8,-81.8,-85.2,42.293,45.65,,,,
2026-05-22T13:39:47.067665,-86.5,-88.8,-81.8,-85.1,42.969,45.65,,,,
2026-05-22T13:39:47.280427,-87.0,-88.8,-81.8,-85.1,44.416,45.65,,,,
2026-05-22T13:39:47.291812,-87.0,-88.9,-81.8,-85.1,45.457,45.65,,,,
2026-05-22T13:39:47.302887,-87.0,-88.9,-81.7,-85.1,46.2,45.65,,,,
2026-05-22T13:39:47.313702,-87.0,-88.9,-81.7,-85.1,46.831,45.65,,,,
2026-05-22T13:39:47.530536,-86.9,-88.9,-81.7,-85.1,47.221,45.65,,,,
2026-05-22T13:39:47.554396,-86.9,-88.6,-81.7,-85.1,48.14,45.65,,,,
2026-05-22T13:39:47.565344,-86.9,-88.6,-81.4,-85.1,48.492,45.65,,,,
2026-05-22T13:39:47.576070,-86.9,-88.6,-81.4,-85.6,47.468,45.65,,,,
2026-05-22T13:39:47.780762,-87.0,-88.6,-81.4,-85.6,46.793,45.65,,,,
2026-05-22T13:39:47.792487,-87.0,-88.4,-81.4,-85.6,46.676,45.65,,,,
2026-05-22T13:39:47.803317,-87.0,-88.4,-81.4,-85.6,46.576,45.65,,,,
2026-05-22T13:39:47.814193,-87.0,-88.4,-81.4,-85.4,46.985,45.65,,,,
2026-05-22T13:39:48.030902,-86.6,-88.4,-81.4,-85.4,46.611,45.65,,,,
2026-05-22T13:39:48.048481,-86.6,-88.5,-81.4,-85.4,46.034,45.65,,,,
2026-05-22T13:39:48.059912,-86.6,-88.5,-81.5,-85.4,45.686,45.65,,,,
2026-05-22T13:39:48.071058,-86.6,-88.5,-81.5,-84.9,46.827,45.65,,,,
2026-05-22T13:39:48.281272,-86.6,-88.5,-81.5,-84.9,47.796,45.65,,,,
2026-05-22T13:39:48.294475,-86.6,-88.4,-81.5,-84.9,48.823,45.65,,,,
2026-05-22T13:39:48.305780,-86.6,-88.4,-80.7,-84.9,48.624,45.65,,,,
2026-05-22T13:39:48.316785,-86.6,-88.4,-80.7,-85.2,47.694,45.65,,,,
2026-05-22T13:39:48.532115,-85.9,-88.4,-80.7,-85.2,46.79,45.65,,,,
2026-05-22T13:39:48.549493,-85.9,-89.1,-80.7,-85.2,46.021,45.65,,,,
2026-05-22T13:39:48.560601,-85.9,-89.1,-80.8,-85.2,45.368,45.65,,,,
2026-05-22T13:39:48.571744,-85.9,-89.1,-80.8,-84.9,44.813,45.65,,,,
2026-05-22T13:39:48.782114,-86.1,-89.1,-80.8,-84.9,44.341,45.65,,,,
2026-05-22T13:39:48.794141,-86.1,-88.5,-80.8,-84.9,43.94,45.65,,,,
2026-05-22T13:39:48.806146,-86.1,-88.5,-81.5,-84.9,44.37,45.65,,,,
2026-05-22T13:39:48.818300,-86.1,-88.5,-81.5,-85.3,43.964,45.65,,,,
2026-05-22T13:39:49.032091,-86.3,-88.5,-81.5,-85.3,43.619,45.65,,,,
2026-05-22T13:39:49.044944,-86.3,-88.8,-81.5,-85.3,43.326,45.65,,,,
2026-05-22T13:39:49.055907,-86.3,-88.8,-81.2,-85.3,43.077,45.65,,,,
2026-05-22T13:39:49.067684,-86.3,-88.8,-81.2,-85.3,42.865,45.65,,,,
2026-05-22T13:39:49.282502,-86.8,-88.8,-81.2,-85.3,42.685,45.65,,,,
2026-05-22T13:39:49.295584,-86.8,-89.0,-81.2,-85.3,42.532,45.65,,,,
2026-05-22T13:39:49.306784,-86.8,-89.0,-81.0,-85.3,42.402,45.65,,,,
2026-05-22T13:39:49.317830,-86.8,-89.0,-81.0,-85.7,42.292,45.65,,,,
2026-05-22T13:39:49.533118,-86.3,-89.0,-81.0,-85.7,42.198,45.65,,,,
2026-05-22T13:39:49.546809,-86.3,-89.0,-81.0,-85.7,42.118,45.65,,,,
2026-05-22T13:39:49.558267,-86.3,-89.0,-81.3,-85.7,42.05,45.65,,,,
2026-05-22T13:39:49.569365,-86.3,-89.0,-81.3,-85.4,41.992,45.65,,,,
2026-05-22T13:39:49.783344,-85.8,-89.0,-81.3,-85.4,41.943,45.65,,,,
2026-05-22T13:39:49.796805,-85.8,-89.3,-81.3,-85.4,41.901,45.65,,,,
2026-05-22T13:39:49.808589,-85.8,-89.3,-81.7,-85.4,41.866,45.65,,,,
2026-05-22T13:39:49.819780,-85.8,-89.3,-81.7,-85.2,41.836,45.65,,,,
2026-05-22T13:39:50.033841,-85.4,-89.3,-81.7,-85.2,41.81,45.984,,,,
2026-05-22T13:39:50.045816,-85.4,-89.0,-81.7,-85.2,41.788,46.42,,,,
2026-05-22T13:39:50.057363,-85.4,-89.0,-82.4,-85.2,41.77,47.662,,,,
2026-05-22T13:39:50.068560,-85.4,-89.0,-82.4,-85.6,41.754,49.127,,,,
2026-05-22T13:39:50.283808,-85.6,-89.0,-82.4,-85.6,41.741,49.706,,,,
2026-05-22T13:39:50.295297,-85.6,-88.8,-82.4,-85.6,41.73,50.349,,,,
2026-05-22T13:39:50.306195,-85.6,-88.8,-81.7,-85.6,41.72,49.983,,,,
2026-05-22T13:39:50.317216,-85.6,-88.8,-81.7,-85.9,41.712,49.983,,,,
2026-05-22T13:39:50.534552,-85.7,-88.8,-81.7,-85.9,41.705,49.645,,,,
2026-05-22T13:39:50.567017,-85.7,-89.1,-81.7,-85.9,41.699,49.201,,,,
2026-05-22T13:39:50.578058,-85.7,-89.1,-81.4,-85.9,41.694,48.668,,,,
2026-05-22T13:39:50.588714,-85.7,-89.1,-81.4,-85.7,41.69,48.215,,,,
2026-05-22T13:39:50.785100,-85.9,-89.1,-81.4,-85.7,41.686,47.83,,,,
2026-05-22T13:39:50.796584,-85.9,-88.8,-81.4,-85.7,41.683,47.503,,,,
2026-05-22T13:39:50.807918,-85.9,-88.8,-81.2,-85.7,41.68,47.225,,,,
2026-05-22T13:39:50.818919,-85.9,-88.8,-81.2,-85.5,41.678,46.988,,,,
2026-05-22T13:39:51.035598,-86.2,-88.8,-81.2,-85.5,41.676,46.787,,,,
2026-05-22T13:39:51.048254,-86.2,-88.3,-81.2,-85.5,41.674,46.616,,,,
2026-05-22T13:39:51.059731,-86.2,-88.3,-81.0,-85.5,41.673,46.471,,,,
2026-05-22T13:39:51.071001,-86.2,-88.3,-81.0,-85.4,41.672,46.347,,,,
2026-05-22T13:39:51.287037,-86.5,-88.3,-81.0,-85.4,41.671,46.242,,,,
2026-05-22T13:39:51.303325,-86.5,-88.5,-81.0,-85.4,41.67,46.153,,,,
2026-05-22T13:39:51.315608,-86.5,-88.5,-81.0,-85.4,41.669,46.077,,,,
2026-05-22T13:39:51.326818,-86.5,-88.5,-81.0,-84.9,42.572,46.013,,,,
2026-05-22T13:39:51.537309,-86.7,-88.5,-81.0,-84.9,43.634,45.958,,,,
2026-05-22T13:39:51.553854,-86.7,-88.8,-81.0,-84.9,44.011,45.911,,,,
2026-05-22T13:39:51.572975,-86.7,-88.8,-81.1,-84.9,44.45,45.871,,,,
2026-05-22T13:39:51.587603,-86.7,-88.8,-81.1,-84.8,45.081,45.837,,,,
2026-05-22T13:39:51.788031,-86.7,-88.8,-81.1,-84.8,45.617,45.808,,,,
2026-05-22T13:39:51.803767,-86.7,-88.5,-81.1,-84.8,46.589,45.784,,,,
2026-05-22T13:39:51.822393,-86.7,-88.5,-81.7,-84.8,48.26,45.763,,,,
2026-05-22T13:39:51.835532,-86.7,-88.5,-81.7,-85.7,47.271,45.746,,,,
2026-05-22T13:39:52.037493,-86.5,-88.5,-81.7,-85.7,46.43,45.731,,,,
2026-05-22T13:39:52.049592,-86.5,-88.8,-81.7,-85.7,45.715,45.718,,,,
2026-05-22T13:39:52.064065,-86.5,-88.8,-81.7,-85.7,45.108,45.707,,,,
2026-05-22T13:39:52.076471,-86.5,-88.8,-81.7,-86.1,44.592,45.698,,,,
2026-05-22T13:39:52.287857,-86.0,-88.8,-81.7,-86.1,44.153,45.69,,,,
2026-05-22T13:39:52.303003,-86.0,-88.8,-81.7,-86.1,43.78,45.684,,,,
2026-05-22T13:39:52.314561,-86.0,-88.8,-81.5,-86.1,43.463,45.678,,,,
2026-05-22T13:39:52.331976,-86.0,-88.8,-81.5,-86.3,43.193,45.673,,,,
2026-05-22T13:39:52.538260,-86.5,-88.8,-81.5,-86.3,42.964,45.669,,,,
2026-05-22T13:39:52.551315,-86.5,-88.8,-81.5,-86.3,42.769,45.666,,,,
2026-05-22T13:39:52.562739,-86.5,-88.8,-81.7,-86.3,42.604,45.663,,,,
2026-05-22T13:39:52.576340,-86.5,-88.8,-81.7,-86.1,42.463,45.661,,,,
2026-05-22T13:39:52.788766,-87.2,-88.8,-81.7,-86.1,42.343,45.659,,,,
2026-05-22T13:39:52.805088,-87.2,-88.6,-81.7,-86.1,42.241,45.657,,,,
2026-05-22T13:39:52.815953,-87.2,-88.6,-81.1,-86.1,42.155,45.655,,,,
2026-05-22T13:39:52.838532,-87.2,-88.6,-81.1,-86.5,42.082,45.654,,,,
2026-05-22T13:39:53.039136,-87.2,-88.6,-81.1,-86.5,42.02,45.653,,,,
2026-05-22T13:39:53.056844,-87.2,-89.2,-81.1,-86.5,41.967,45.652,,,,
2026-05-22T13:39:53.068138,-87.2,-89.2,-81.1,-86.5,41.922,45.651,,,,
2026-05-22T13:39:53.090924,-87.2,-89.2,-81.1,-85.5,41.884,45.65,,,,
2026-05-22T13:39:53.289700,-87.0,-89.2,-81.1,-85.5,41.851,45.65,,,,
2026-05-22T13:39:53.304351,-87.0,-88.8,-81.1,-85.5,41.823,45.65,,,,
2026-05-22T13:39:53.315964,-87.0,-88.8,-81.1,-85.5,41.799,45.65,,,,
2026-05-22T13:39:53.335312,-87.0,-88.8,-81.1,-85.0,42.732,45.65,,,,
2026-05-22T13:39:53.539969,-86.3,-88.8,-81.1,-85.0,42.572,45.65,,,,
2026-05-22T13:39:53.556060,-86.3,-89.2,-81.1,-85.0,42.436,45.65,,,,
2026-05-22T13:39:53.569061,-86.3,-89.2,-81.6,-85.0,42.32,45.65,,,,
2026-05-22T13:39:53.587183,-86.3,-89.2,-81.6,-85.0,42.222,45.65,,,,
2026-05-22T13:39:53.789966,-85.9,-89.2,-81.6,-85.0,42.139,45.65,,,,
2026-05-22T13:39:53.806466,-85.9,-89.2,-81.6,-85.0,42.068,45.65,,,,
2026-05-22T13:39:53.819006,-85.9,-89.2,-81.9,-85.0,42.008,45.65,,,,
2026-05-22T13:39:53.839488,-85.9,-89.2,-81.9,-84.9,41.957,45.65,,,,
2026-05-22T13:39:54.040319,-86.4,-89.2,-81.9,-84.9,42.402,45.65,,,,
2026-05-22T13:39:54.054794,-86.4,-88.2,-81.9,-84.9,45.025,45.65,,,,
2026-05-22T13:39:54.070883,-86.4,-88.2,-81.2,-84.9,46.167,45.65,,,,
2026-05-22T13:39:54.088615,-86.4,-88.2,-81.2,-85.4,45.669,45.65,,,,
2026-05-22T13:39:54.290974,-86.3,-88.2,-81.2,-85.4,45.069,45.65,,,,
2026-05-22T13:39:54.308613,-86.3,-87.8,-81.2,-85.4,45.723,45.65,,,,
2026-05-22T13:39:54.320337,-86.3,-87.8,-81.0,-85.4,45.948,45.65,,,,
2026-05-22T13:39:54.339220,-86.3,-87.8,-81.0,-85.3,46.427,45.65,,,,
2026-05-22T13:39:54.541296,-85.9,-87.8,-81.0,-85.3,45.713,45.65,,,,
2026-05-22T13:39:54.560709,-85.9,-88.5,-81.0,-85.3,45.106,45.65,,,,
2026-05-22T13:39:54.579269,-85.9,-88.5,-81.1,-85.3,44.59,45.65,,,,
2026-05-22T13:39:54.593554,-85.9,-88.5,-81.1,-85.1,44.151,45.65,,,,
2026-05-22T13:39:54.792160,-85.9,-88.5,-81.1,-85.1,43.778,45.65,,,,
2026-05-22T13:39:54.807487,-85.9,-88.7,-81.1,-85.1,43.461,45.65,,,,
2026-05-22T13:39:54.830770,-85.9,-88.7,-81.2,-85.1,43.192,45.65,,,,
2026-05-22T13:39:54.853553,-85.9,-88.7,-81.2,-84.9,42.963,45.65,,,,
2026-05-22T13:39:55.041956,-85.9,-88.7,-81.2,-84.9,42.768,45.65,,,,
2026-05-22T13:39:55.057612,-85.9,-88.7,-81.2,-84.9,42.603,45.65,,,,
2026-05-22T13:39:55.073729,-85.9,-88.7,-81.5,-84.9,42.462,45.65,,,,
2026-05-22T13:39:55.093012,-85.9,-88.7,-81.5,-84.6,43.208,45.65,,,,
2026-05-22T13:39:55.292813,-85.8,-88.7,-81.5,-84.6,43.524,45.65,,,,
2026-05-22T13:39:55.307606,-85.8,-88.3,-81.5,-84.6,44.887,45.65,,,,
2026-05-22T13:39:55.323034,-85.8,-88.3,-82.3,-84.6,47.411,45.65,,,,
2026-05-22T13:39:55.335501,-85.8,-88.3,-82.3,-84.3,50.337,45.65,,,,
2026-05-22T13:39:55.543738,-86.3,-88.3,-82.3,-84.3,53.381,45.65,,,,
2026-05-22T13:39:55.556920,-86.3,-88.7,-82.3,-84.3,55.286,45.65,,,,
2026-05-22T13:39:55.571274,-86.3,-88.7,-82.0,-84.3,56.451,45.65,,,,
2026-05-22T13:39:55.584457,-86.3,-88.7,-82.0,-84.1,57.893,45.65,,,,
2026-05-22T13:39:55.794370,-86.2,-88.7,-82.0,-84.1,59.018,45.65,,,,
2026-05-22T13:39:55.808818,-86.2,-88.7,-82.0,-84.1,59.974,45.65,,,,
2026-05-22T13:39:55.822766,-86.2,-88.7,-82.3,-84.1,61.229,45.65,,,,
2026-05-22T13:39:55.836375,-86.2,-88.7,-82.3,-84.3,61.841,45.65,,,,
2026-05-22T13:39:56.044786,-85.7,-88.7,-82.3,-84.3,61.607,45.65,,,,
2026-05-22T13:39:56.062017,-85.7,-88.4,-82.3,-84.3,62.054,45.65,,,,
2026-05-22T13:39:56.076265,-85.7,-88.4,-81.8,-84.3,61.636,45.65,,,,
2026-05-22T13:39:56.099455,-85.7,-88.4,-81.8,-85.0,58.64,45.65,,,,
2026-05-22T13:39:56.294862,-86.4,-88.4,-81.8,-85.0,57.937,45.65,,,,
2026-05-22T13:39:56.310364,-86.4,-88.8,-81.8,-85.0,56.377,45.65,,,,
2026-05-22T13:39:56.322237,-86.4,-88.8,-81.8,-85.0,55.051,45.65,,,,
2026-05-22T13:39:56.340913,-86.4,-88.8,-81.8,-85.2,53.171,45.65,,,,
2026-05-22T13:39:56.545727,-86.7,-88.8,-81.8,-85.2,52.323,45.65,,,,
2026-05-22T13:39:56.558881,-86.7,-89.6,-81.8,-85.2,50.724,45.65,,,,
2026-05-22T13:39:56.578595,-86.7,-89.6,-82.0,-85.2,49.365,45.65,,,,
2026-05-22T13:39:56.591358,-86.7,-89.6,-82.0,-84.8,49.098,45.65,,,,
2026-05-22T13:39:56.795800,-87.0,-89.6,-82.0,-84.8,49.354,45.65,,,,
2026-05-22T13:39:56.807626,-87.0,-89.5,-82.0,-84.8,49.72,45.65,,,,
2026-05-22T13:39:56.821633,-87.0,-89.5,-81.5,-84.8,49.392,45.65,,,,
2026-05-22T13:39:56.832781,-87.0,-89.5,-81.5,-84.9,48.846,45.65,,,,
2026-05-22T13:39:57.046202,-86.6,-89.5,-81.5,-84.9,47.769,45.65,,,,
2026-05-22T13:39:57.060939,-86.6,-89.5,-81.5,-84.9,46.854,45.65,,,,
2026-05-22T13:39:57.075156,-86.6,-89.5,-82.4,-84.9,47.174,45.65,,,,
2026-05-22T13:39:57.086850,-86.6,-89.5,-82.4,-85.0,47.076,45.65,,,,
2026-05-22T13:39:57.296759,-86.7,-89.5,-82.4,-85.0,47.228,45.65,,,,
2026-05-22T13:39:57.309608,-86.7,-89.4,-82.4,-85.0,47.557,45.65,,,,
2026-05-22T13:39:57.324132,-86.7,-89.4,-82.3,-85.0,47.683,45.65,,,,
2026-05-22T13:39:57.335779,-86.7,-89.4,-82.3,-85.1,47.438,45.65,,,,
2026-05-22T13:39:57.546825,-87.0,-89.4,-82.3,-85.1,47.83,45.65,,,,
2026-05-22T13:39:57.562271,-87.0,-89.3,-82.3,-85.1,48.349,45.65,,,,
2026-05-22T13:39:57.573822,-87.0,-89.3,-82.2,-85.1,48.64,45.65,,,,
2026-05-22T13:39:57.592537,-87.0,-89.3,-82.2,-85.0,49.173,45.65,,,,
2026-05-22T13:39:57.797158,-86.6,-89.3,-82.2,-85.0,48.888,45.65,,,,
2026-05-22T13:39:57.816518,-86.6,-88.9,-82.2,-85.0,49.506,45.65,,,,
2026-05-22T13:39:57.828430,-86.6,-88.9,-82.1,-85.0,49.871,45.65,,,,
2026-05-22T13:39:57.845955,-86.6,-88.9,-82.1,-85.0,50.181,45.65,,,,
2026-05-22T13:39:58.047643,-86.6,-88.9,-82.1,-85.0,50.445,45.65,,,,
2026-05-22T13:39:58.065891,-86.6,-88.9,-82.1,-85.0,50.669,45.65,,,,
2026-05-22T13:39:58.077809,-86.6,-88.9,-81.8,-85.0,50.4,45.65,,,,
2026-05-22T13:39:58.097662,-86.6,-88.9,-81.8,-84.6,51.291,45.65,,,,
2026-05-22T13:39:58.297828,-86.9,-88.9,-81.8,-84.6,52.391,45.65,,,,
2026-05-22T13:39:58.313334,-86.9,-88.2,-81.8,-84.6,54.477,45.65,,,,
2026-05-22T13:39:58.324685,-86.9,-88.2,-82.2,-84.6,56.873,45.65,,,,
2026-05-22T13:39:58.341676,-86.9,-88.2,-82.2,-84.7,58.733,45.65,,,,
2026-05-22T13:39:58.548815,-87.0,-88.2,-82.2,-84.7,60.393,45.65,,,,
2026-05-22T13:39:58.567247,-87.0,-89.0,-82.2,-84.7,60.434,45.65,,,,
2026-05-22T13:39:58.581508,-87.0,-89.0,-82.0,-84.7,60.169,45.65,,,,
2026-05-22T13:39:58.601620,-87.0,-89.0,-82.0,-84.8,59.708,45.65,,,,
2026-05-22T13:39:58.799536,-87.0,-89.0,-82.0,-84.8,59.316,45.65,,,,
2026-05-22T13:39:58.814049,-87.0,-88.7,-82.0,-84.8,59.495,45.65,,,,
2026-05-22T13:39:58.830824,-87.0,-88.7,-81.6,-84.8,59.057,45.65,,,,
2026-05-22T13:39:58.843488,-87.0,-88.7,-81.6,-84.7,58.903,45.65,,,,
2026-05-22T13:39:59.049845,-87.0,-88.7,-81.6,-84.7,58.772,45.65,,,,
2026-05-22T13:39:59.062973,-87.0,-88.7,-81.6,-84.7,58.661,45.65,,,,
2026-05-22T13:39:59.079044,-87.0,-88.7,-81.9,-84.7,59.003,45.65,,,,
2026-05-22T13:39:59.094616,-87.0,-88.7,-81.9,-85.0,58.625,45.65,,,,
2026-05-22T13:39:59.300664,-86.6,-88.7,-81.9,-85.0,57.742,45.65,,,,
2026-05-22T13:39:59.326053,-86.6,-88.3,-81.9,-85.0,57.871,45.65,,,,
2026-05-22T13:39:59.343121,-86.6,-88.3,-81.4,-85.0,57.204,45.65,,,,
2026-05-22T13:39:59.366736,-86.6,-88.3,-81.4,-84.3,58.147,45.65,,,,
2026-05-22T13:39:59.550965,-86.3,-88.3,-81.4,-84.3,58.684,45.65,,,,
2026-05-22T13:39:59.573837,-86.3,-88.0,-81.4,-84.3,59.649,45.65,,,,
2026-05-22T13:39:59.590133,-86.3,-88.0,-81.9,-84.3,61.203,45.65,,,,
2026-05-22T13:39:59.610940,-86.3,-88.0,-81.9,-85.1,60.868,45.65,,,,
2026-05-22T13:39:59.800956,-85.9,-88.0,-81.9,-85.1,59.766,45.65,,,,
2026-05-22T13:39:59.823942,-85.9,-87.7,-81.9,-85.1,59.833,45.65,,,,
2026-05-22T13:39:59.839873,-85.9,-87.7,-81.4,-85.1,58.961,45.65,,,,
2026-05-22T13:39:59.860422,-85.9,-87.7,-81.4,-84.5,59.682,45.65,,,,
2026-05-22T13:40:00.051526,-87.0,-87.7,-81.4,-84.5,61.149,45.65,,,,
2026-05-22T13:40:00.067768,-87.0,-87.5,-81.4,-84.5,62.729,45.65,,,,
2026-05-22T13:40:00.081881,-87.0,-87.5,-81.6,-84.5,64.373,45.65,,,,
2026-05-22T13:40:00.096195,-87.0,-87.5,-81.6,-84.2,66.162,45.65,,,,
2026-05-22T13:40:00.301943,-86.9,-87.5,-81.6,-84.2,67.636,45.65,,,,
2026-05-22T13:40:00.319381,-86.9,-87.1,-81.6,-84.2,69.518,45.65,,,,
2026-05-22T13:40:00.342607,-86.9,-87.1,-81.7,-84.2,71.269,45.65,,,,
2026-05-22T13:40:00.357413,-86.9,-87.1,-81.7,-83.9,73.079,45.65,,,,
2026-05-22T13:40:00.551832,-86.6,-87.1,-81.7,-83.9,74.495,45.65,,,,
2026-05-22T13:40:00.582892,-86.6,-87.0,-81.7,-83.9,75.848,45.65,,,,
2026-05-22T13:40:00.600817,-86.6,-87.0,-81.5,-83.9,76.706,45.65,,,,
2026-05-22T13:40:00.613552,-86.6,-87.0,-81.5,-84.2,77.11,45.65,,,,
2026-05-22T13:40:00.803101,-86.1,-87.0,-81.5,-84.2,77.207,45.65,,,,
2026-05-22T13:40:00.819269,-86.1,-87.2,-81.5,-84.2,76.942,45.65,,,,
2026-05-22T13:40:00.839880,-86.1,-87.2,-81.5,-84.2,76.717,45.65,,,,
2026-05-22T13:40:00.853716,-86.1,-87.2,-81.5,-84.0,76.784,45.65,,,,
2026-05-22T13:40:01.053094,-86.3,-87.2,-81.5,-84.0,76.946,45.65,,,,
2026-05-22T13:40:01.066140,-86.3,-87.5,-81.5,-84.0,76.614,45.65,,,,
2026-05-22T13:40:01.083774,-86.3,-87.5,-81.3,-84.0,76.051,45.65,,,,
2026-05-22T13:40:01.096788,-86.3,-87.5,-81.3,-84.0,75.573,45.65,,,,
2026-05-22T13:40:01.303334,-86.1,-87.5,-81.3,-84.0,75.049,45.65,,,,
2026-05-22T13:40:01.315637,-86.1,-87.4,-81.3,-84.0,74.763,45.65,,,,
2026-05-22T13:40:01.333834,-86.1,-87.4,-81.6,-84.0,74.943,45.65,,,,
2026-05-22T13:40:01.345744,-86.1,-87.4,-81.6,-83.1,76.23,45.65,,,,
2026-05-22T13:40:01.553463,-85.1,-87.4,-81.6,-83.1,76.81,45.65,,,,
2026-05-22T13:40:01.566316,-85.1,-87.8,-81.6,-83.1,76.79,45.65,,,,
2026-05-22T13:40:01.581888,-85.1,-87.8,-81.5,-83.1,76.65,45.65,,,,
2026-05-22T13:40:01.593950,-85.1,-87.8,-81.5,-83.6,75.648,45.65,,,,
2026-05-22T13:40:01.803687,-85.5,-87.8,-81.5,-83.6,75.144,45.65,,,,
2026-05-22T13:40:01.818883,-85.5,-87.9,-81.5,-83.6,74.567,45.65,,,,
2026-05-22T13:40:01.833536,-85.5,-87.9,-80.8,-83.6,73.172,45.65,,,,
2026-05-22T13:40:01.846782,-85.5,-87.9,-80.8,-84.0,71.131,45.65,,,,
2026-05-22T13:40:02.054306,-85.9,-87.9,-80.8,-84.0,69.811,45.65,,,,
2026-05-22T13:40:02.067531,-85.9,-87.7,-80.8,-84.0,69.016,45.65,,,,
2026-05-22T13:40:02.085840,-85.9,-87.7,-80.7,-84.0,68.21,45.65,,,,
2026-05-22T13:40:02.097890,-85.9,-87.7,-80.7,-83.8,67.877,45.65,,,,
2026-05-22T13:40:02.304923,-86.1,-87.7,-80.7,-83.8,67.722,45.65,,,,
2026-05-22T13:40:02.319125,-86.1,-87.4,-80.7,-83.8,68.023,45.65,,,,
2026-05-22T13:40:02.337578,-86.1,-87.4,-80.7,-83.8,68.279,45.65,,,,
2026-05-22T13:40:02.349191,-86.1,-87.4,-80.7,-84.2,67.892,45.65,,,,
2026-05-22T13:40:02.555195,-86.4,-87.4,-80.7,-84.2,67.748,45.65,,,,
2026-05-22T13:40:02.571138,-86.4,-87.6,-80.7,-84.2,67.304,45.65,,,,
2026-05-22T13:40:02.587674,-86.4,-87.6,-81.1,-84.2,67.464,45.65,,,,
2026-05-22T13:40:02.605489,-86.4,-87.6,-81.1,-84.3,67.444,45.65,,,,
2026-05-22T13:40:02.805533,-86.9,-87.6,-81.1,-84.3,67.715,45.65,,,,
2026-05-22T13:40:02.819989,-86.9,-88.4,-81.1,-84.3,66.751,45.65,,,,
2026-05-22T13:40:02.833091,-86.9,-88.4,-80.7,-84.3,65.426,45.65,,,,
2026-05-22T13:40:02.845419,-86.9,-88.4,-80.7,-84.6,63.722,45.65,,,,
2026-05-22T13:40:03.055927,-86.5,-88.4,-80.7,-84.6,61.869,45.65,,,,
2026-05-22T13:40:03.071719,-86.5,-88.4,-80.7,-84.6,60.294,45.65,,,,
2026-05-22T13:40:03.083579,-86.5,-88.4,-81.0,-84.6,59.336,45.65,,,,
2026-05-22T13:40:03.095453,-86.5,-88.4,-81.0,-85.6,56.685,45.65,,,,
2026-05-22T13:40:03.305923,-86.4,-88.4,-81.0,-85.6,54.432,45.65,,,,
2026-05-22T13:40:03.320761,-86.4,-88.0,-81.0,-85.6,52.517,45.65,,,,
2026-05-22T13:40:03.334825,-86.4,-88.0,-81.5,-85.6,51.522,45.65,,,,
2026-05-22T13:40:03.346650,-86.4,-88.0,-81.5,-85.0,52.36,45.65,,,,
2026-05-22T13:40:03.556123,-86.1,-88.0,-81.5,-85.0,52.584,45.65,,,,
2026-05-22T13:40:03.570714,-86.1,-87.9,-81.5,-85.0,53.052,45.65,,,,
2026-05-22T13:40:03.582954,-86.1,-87.9,-80.3,-85.0,51.643,45.65,,,,
2026-05-22T13:40:03.595353,-86.1,-87.9,-80.3,-85.1,50.146,45.65,,,,
2026-05-22T13:40:03.806414,-86.3,-87.9,-80.3,-85.1,49.308,45.65,,,,
2026-05-22T13:40:03.820131,-86.3,-87.7,-80.3,-85.1,49.064,45.65,,,,
2026-05-22T13:40:03.832932,-86.3,-87.7,-80.2,-85.1,48.731,45.65,,,,
2026-05-22T13:40:03.845233,-86.3,-87.7,-80.2,-85.4,47.678,45.65,,,,
2026-05-22T13:40:04.056668,-85.5,-87.7,-80.2,-85.4,46.776,45.65,,,,
2026-05-22T13:40:04.069884,-85.5,-87.9,-80.2,-85.4,46.009,45.65,,,,
2026-05-22T13:40:04.082929,-85.5,-87.9,-81.2,-85.4,45.358,46.122,,,,
2026-05-22T13:40:04.096697,-85.5,-87.9,-81.2,-85.3,44.804,46.373,,,,
2026-05-22T13:40:04.308492,-85.8,-87.9,-81.2,-85.3,44.333,46.264,,,,
2026-05-22T13:40:04.332179,-85.8,-88.0,-81.2,-85.3,43.933,46.171,,,,
2026-05-22T13:40:04.348487,-85.8,-88.0,-81.5,-85.3,43.593,46.092,,,,
2026-05-22T13:40:04.365813,-85.8,-88.0,-81.5,-85.5,43.304,46.025,,,,
2026-05-22T13:40:04.557884,-86.3,-88.0,-81.5,-85.5,43.751,45.968,,,,
2026-05-22T13:40:04.571979,-86.3,-88.5,-81.5,-85.5,43.438,45.92,,,,
2026-05-22T13:40:04.586280,-86.3,-88.5,-80.5,-85.5,43.172,45.879,,,,
2026-05-22T13:40:04.601006,-86.3,-88.5,-80.5,-85.7,42.946,45.844,,,,
2026-05-22T13:40:04.807970,-86.7,-88.5,-80.5,-85.7,42.754,45.814,,,,
2026-05-22T13:40:04.821119,-86.7,-88.3,-80.5,-85.7,42.591,45.789,,,,
2026-05-22T13:40:04.833385,-86.7,-88.3,-81.3,-85.7,42.452,45.768,,,,
2026-05-22T13:40:04.845236,-86.7,-88.3,-81.3,-84.7,44.751,45.75,,,,
2026-05-22T13:40:05.058218,-86.6,-88.3,-81.3,-84.7,46.601,45.735,,,,
2026-05-22T13:40:05.070422,-86.6,-88.9,-81.3,-84.7,47.113,45.722,,,,
2026-05-22T13:40:05.084330,-86.6,-88.9,-81.2,-84.7,47.421,45.711,,,,
2026-05-22T13:40:05.096898,-86.6,-88.9,-81.2,-84.9,47.131,45.701,,,,
2026-05-22T13:40:05.308625,-86.9,-88.9,-81.2,-84.9,47.337,45.693,,,,
2026-05-22T13:40:05.323565,-86.9,-88.2,-81.2,-84.9,48.729,45.686,,,,
2026-05-22T13:40:05.339659,-86.9,-88.2,-81.5,-84.9,50.345,45.68,,,,
2026-05-22T13:40:05.354622,-86.9,-88.2,-81.5,-84.9,51.719,45.675,,,,
2026-05-22T13:40:05.558493,-86.9,-88.2,-81.5,-84.9,52.887,45.671,,,,
2026-05-22T13:40:05.570456,-86.9,-88.5,-81.5,-84.9,53.321,45.667,,,,
2026-05-22T13:40:05.582848,-86.9,-88.5,-81.3,-84.9,53.409,45.664,,,,
2026-05-22T13:40:05.595493,-86.9,-88.5,-81.3,-84.3,54.716,45.661,,,,
2026-05-22T13:40:05.809009,-87.1,-88.5,-81.3,-84.3,55.963,45.659,,,,
2026-05-22T13:40:05.821570,-87.1,-88.8,-81.3,-84.3,56.623,45.657,,,,
2026-05-22T13:40:05.833600,-87.1,-88.8,-81.6,-84.3,57.587,45.655,,,,
2026-05-22T13:40:05.845157,-87.1,-88.8,-81.6,-84.3,58.407,45.654,,,,
2026-05-22T13:40:06.059557,-87.2,-88.8,-81.6,-84.3,59.173,45.653,,,,
2026-05-22T13:40:06.071362,-87.2,-89.0,-81.6,-84.3,59.567,45.652,,,,
2026-05-22T13:40:06.083073,-87.2,-89.0,-81.5,-84.3,59.767,45.651,,,,
2026-05-22T13:40:06.095858,-87.2,-89.0,-81.5,-83.9,60.704,45.65,,,,
2026-05-22T13:40:06.309904,-87.5,-89.0,-81.5,-83.9,61.659,45.65,,,,
2026-05-22T13:40:06.323809,-87.5,-88.3,-81.5,-83.9,63.258,45.65,,,,
2026-05-22T13:40:06.337579,-87.5,-88.3,-81.2,-83.9,64.208,45.65,,,,
2026-05-22T13:40:06.349922,-87.5,-88.3,-81.2,-84.1,64.708,45.65,,,,
2026-05-22T13:40:06.559812,-87.2,-88.3,-81.2,-84.1,64.99,45.65,,,,
2026-05-22T13:40:06.572692,-87.2,-87.6,-81.2,-84.1,66.179,45.65,,,,
2026-05-22T13:40:06.584997,-87.2,-87.6,-81.6,-84.1,67.764,45.65,,,,
2026-05-22T13:40:06.597040,-87.2,-87.6,-81.6,-84.7,68.313,45.65,,,,
2026-05-22T13:40:06.810145,-86.8,-87.6,-81.6,-84.7,68.543,45.65,,,,
2026-05-22T13:40:06.823734,-86.8,-87.6,-81.6,-84.7,68.738,45.65,,,,
2026-05-22T13:40:06.837780,-86.8,-87.6,-81.2,-84.7,68.304,45.65,,,,
2026-05-22T13:40:06.851089,-86.8,-87.6,-81.2,-84.9,67.618,45.65,,,,
2026-05-22T13:40:07.060852,-86.3,-87.6,-81.2,-84.9,66.593,45.65,,,,
2026-05-22T13:40:07.074280,-86.3,-87.5,-81.2,-84.9,65.948,45.65,,,,
2026-05-22T13:40:07.086644,-86.3,-87.5,-81.1,-84.9,65.247,45.65,,,,
2026-05-22T13:40:07.098415,-86.3,-87.5,-81.1,-84.9,64.651,45.65,,,,
2026-05-22T13:40:07.311273,-86.4,-87.5,-81.1,-84.9,64.241,45.65,,,,
2026-05-22T13:40:07.326021,-86.4,-87.4,-81.1,-84.9,64.11,45.65,,,,
2026-05-22T13:40:07.338428,-86.4,-87.4,-81.1,-84.9,63.999,45.65,,,,
2026-05-22T13:40:07.351030,-86.4,-87.4,-81.1,-84.0,65.26,45.65,,,,
2026-05-22T13:40:07.561762,-87.1,-87.4,-81.1,-84.0,66.64,45.65,,,,
2026-05-22T13:40:07.574170,-87.1,-87.5,-81.1,-84.0,67.673,45.65,,,,
2026-05-22T13:40:07.586951,-87.1,-87.5,-81.3,-84.0,68.83,45.65,,,,
2026-05-22T13:40:07.598601,-87.1,-87.5,-81.3,-84.2,69.558,45.65,,,,
2026-05-22T13:40:07.812389,-86.5,-87.5,-81.3,-84.2,69.881,45.65,,,,
2026-05-22T13:40:07.827635,-86.5,-87.1,-81.3,-84.2,70.808,45.65,,,,
2026-05-22T13:40:07.839623,-86.5,-87.1,-81.7,-84.2,72.184,45.65,,,,
2026-05-22T13:40:07.851236,-86.5,-87.1,-81.7,-84.0,73.579,45.65,,,,
2026-05-22T13:40:08.062553,-86.3,-87.1,-81.7,-84.0,74.669,45.65,,,,
2026-05-22T13:40:08.074787,-86.3,-86.9,-81.7,-84.0,75.915,45.65,,,,
2026-05-22T13:40:08.087254,-86.3,-86.9,-81.8,-84.0,77.122,45.65,,,,
2026-05-22T13:40:08.098147,-86.3,-86.9,-81.8,-84.3,77.834,45.65,,,,
2026-05-22T13:40:08.313601,-85.8,-86.9,-81.8,-84.3,78.155,45.65,,,,
2026-05-22T13:40:08.325777,-85.8,-87.3,-81.8,-84.3,77.667,45.65,,,,
2026-05-22T13:40:08.338191,-85.8,-87.3,-81.2,-84.3,76.368,45.65,,,,
2026-05-22T13:40:08.350170,-85.8,-87.3,-81.2,-83.8,76.011,45.65,,,,
2026-05-22T13:40:08.563505,-86.2,-87.3,-81.2,-83.8,75.922,45.65,,,,
2026-05-22T13:40:08.580676,-86.2,-87.9,-81.2,-83.8,74.984,45.65,,,,
2026-05-22T13:40:08.593578,-86.2,-87.9,-81.2,-83.8,74.187,45.65,,,,
2026-05-22T13:40:08.604866,-86.2,-87.9,-81.2,-83.7,73.671,45.65,,,,
2026-05-22T13:40:08.813961,-86.5,-87.9,-81.2,-83.7,73.396,45.65,,,,
2026-05-22T13:40:08.828919,-86.5,-88.2,-81.2,-83.7,72.782,45.65,,,,
2026-05-22T13:40:08.845399,-86.5,-88.2,-81.2,-83.7,72.26,45.65,,,,
2026-05-22T13:40:08.860061,-86.5,-88.2,-81.2,-83.9,71.478,45.65,,,,
2026-05-22T13:40:09.064002,-86.2,-88.2,-81.2,-83.9,70.607,45.65,,,,
2026-05-22T13:40:09.076003,-86.2,-88.6,-81.2,-83.9,69.309,45.65,,,,
2026-05-22T13:40:09.088431,-86.2,-88.6,-81.2,-83.9,68.206,45.65,,,,
2026-05-22T13:40:09.100504,-86.2,-88.6,-81.2,-84.5,65.819,45.65,,,,
2026-05-22T13:40:09.314741,-86.5,-88.6,-81.2,-84.5,64.191,45.65,,,,
2026-05-22T13:40:09.328076,-86.5,-88.0,-81.2,-84.5,63.837,45.65,,,,
2026-05-22T13:40:09.339869,-86.5,-88.0,-80.9,-84.5,63.123,45.65,,,,
2026-05-22T13:40:09.351318,-86.5,-88.0,-80.9,-84.3,62.894,45.65,,,,
2026-05-22T13:40:09.565141,-86.5,-88.0,-80.9,-84.3,62.699,45.65,,,,
2026-05-22T13:40:09.578455,-86.5,-88.0,-80.9,-84.3,62.534,45.65,,,,
2026-05-22T13:40:09.591766,-86.5,-88.0,-81.5,-84.3,63.222,45.65,,,,
2026-05-22T13:40:09.603355,-86.5,-88.0,-81.5,-84.7,63.062,45.65,,,,
2026-05-22T13:40:09.815199,-87.0,-88.0,-81.5,-84.7,63.341,45.65,,,,
2026-05-22T13:40:09.827676,-87.0,-87.8,-81.5,-84.7,63.931,45.65,,,,
2026-05-22T13:40:09.838624,-87.0,-87.8,-81.8,-84.7,64.892,45.65,,,,
2026-05-22T13:40:09.850235,-87.0,-87.8,-81.8,-85.4,64.554,45.65,,,,
2026-05-22T13:40:10.065997,-86.7,-87.8,-81.8,-85.4,63.945,45.65,,,,
2026-05-22T13:40:10.081864,-86.7,-88.1,-81.8,-85.4,62.647,45.65,,,,
2026-05-22T13:40:10.094123,-86.7,-88.1,-81.0,-85.4,60.304,45.65,,,,
2026-05-22T13:40:10.105562,-86.7,-88.1,-81.0,-84.8,59.666,45.65,,,,
2026-05-22T13:40:10.316648,-86.5,-88.1,-81.0,-84.8,58.906,45.65,,,,
2026-05-22T13:40:10.333215,-86.5,-88.0,-81.0,-84.8,58.459,45.65,,,,
2026-05-22T13:40:10.347914,-86.5,-88.0,-81.3,-84.8,58.512,45.65,,,,
2026-05-22T13:40:10.359284,-86.5,-88.0,-81.3,-85.1,57.893,45.65,,,,
2026-05-22T13:40:10.566797,-85.8,-88.0,-81.3,-85.1,55.563,45.65,,,,
2026-05-22T13:40:10.592932,-85.8,-87.9,-81.3,-85.1,54.062,45.65,,,,
2026-05-22T13:40:10.606128,-85.8,-87.9,-81.5,-85.1,53.217,45.65,,,,
2026-05-22T13:40:10.618776,-85.8,-87.9,-81.5,-84.6,54.141,45.65,,,,
2026-05-22T13:40:10.816864,-86.4,-87.9,-81.5,-84.6,55.637,45.65,,,,
2026-05-22T13:40:10.830776,-86.4,-87.8,-81.5,-84.6,57.102,45.65,,,,
2026-05-22T13:40:10.843103,-86.4,-87.8,-81.1,-84.6,57.76,45.65,,,,
2026-05-22T13:40:10.854759,-86.4,-87.8,-81.1,-85.0,57.511,45.65,,,,
2026-05-22T13:40:11.067099,-86.8,-87.8,-81.1,-85.0,57.724,45.65,,,,
2026-05-22T13:40:11.078508,-86.8,-86.9,-81.1,-85.0,59.747,45.65,,,,
2026-05-22T13:40:11.089560,-86.8,-86.9,-80.6,-85.0,60.732,45.65,,,,
2026-05-22T13:40:11.100826,-86.8,-86.9,-80.6,-84.9,61.691,45.65,,,,
2026-05-22T13:40:11.317838,-86.8,-86.9,-80.6,-84.9,62.506,45.65,,,,
2026-05-22T13:40:11.331692,-86.8,-86.6,-80.6,-84.9,63.783,45.65,,,,
2026-05-22T13:40:11.344207,-86.8,-86.6,-80.8,-84.9,65.156,45.65,,,,
2026-05-22T13:40:11.356035,-86.8,-86.6,-80.8,-84.7,66.523,45.65,,,,
2026-05-22T13:40:11.567759,-86.6,-86.6,-80.8,-84.7,67.604,45.65,,,,
2026-05-22T13:40:11.579839,-86.6,-86.8,-80.8,-84.7,68.146,45.65,,,,
2026-05-22T13:40:11.591446,-86.6,-86.8,-80.8,-84.7,68.607,45.65,,,,
2026-05-22T13:40:11.602933,-86.6,-86.8,-80.8,-84.1,69.662,45.65,,,,
2026-05-22T13:40:11.819724,-86.3,-86.8,-80.8,-84.1,70.44,45.65,,,,
2026-05-22T13:40:11.834795,-86.3,-87.7,-80.8,-84.1,69.663,45.65,,,,
2026-05-22T13:40:11.846505,-86.3,-87.7,-80.8,-84.1,69.003,45.65,,,,
2026-05-22T13:40:11.858550,-86.3,-87.7,-80.8,-84.1,68.442,45.65,,,,
2026-05-22T13:40:12.069462,-86.3,-87.7,-80.8,-84.1,67.965,45.65,,,,
2026-05-22T13:40:12.083605,-86.3,-87.5,-80.8,-84.1,67.875,45.65,,,,
2026-05-22T13:40:12.096117,-86.3,-87.5,-81.0,-84.1,68.066,45.65,,,,
2026-05-22T13:40:12.108506,-86.3,-87.5,-81.0,-84.0,68.376,45.65,,,,
2026-05-22T13:40:12.319991,-86.0,-87.5,-81.0,-84.0,68.459,45.65,,,,
2026-05-22T13:40:12.339540,-86.0,-87.7,-81.0,-84.0,68.207,45.65,,,,
2026-05-22T13:40:12.361886,-86.0,-87.7,-81.0,-84.0,67.992,45.65,,,,
2026-05-22T13:40:12.383300,-86.0,-87.7,-81.0,-84.2,67.456,45.65,,,,
2026-05-22T13:40:12.569791,-86.4,-87.7,-81.0,-84.2,67.295,45.65,,,,
2026-05-22T13:40:12.583728,-86.4,-88.2,-81.0,-84.2,66.369,45.65,,,,
2026-05-22T13:40:12.596188,-86.4,-88.2,-81.3,-84.2,65.986,45.65,,,,
2026-05-22T13:40:12.608846,-86.4,-88.2,-81.3,-84.6,64.838,45.65,,,,
2026-05-22T13:40:12.820694,-85.7,-88.2,-81.3,-84.6,62.695,45.65,,,,
2026-05-22T13:40:12.835049,-85.7,-88.6,-81.3,-84.6,59.65,45.65,,,,
2026-05-22T13:40:12.849159,-85.7,-88.6,-81.1,-84.6,56.952,45.65,,,,
2026-05-22T13:40:12.862059,-85.7,-88.6,-81.1,-84.1,56.461,45.65,,,,
2026-05-22T13:40:13.070505,-85.9,-88.6,-81.1,-84.1,56.352,45.65,,,,
2026-05-22T13:40:13.083208,-85.9,-88.7,-81.1,-84.1,56.094,45.65,,,,
2026-05-22T13:40:13.096072,-85.9,-88.7,-81.3,-84.1,56.143,45.65,,,,
2026-05-22T13:40:13.107997,-85.9,-88.7,-81.3,-84.3,55.6,45.65,,,,
2026-05-22T13:40:13.321038,-86.4,-88.7,-81.3,-84.3,55.839,45.65,,,,
2026-05-22T13:40:13.334244,-86.4,-88.1,-81.3,-84.3,57.005,45.65,,,,
2026-05-22T13:40:13.345775,-86.4,-88.1,-81.4,-84.3,58.137,45.65,,,,
2026-05-22T13:40:13.356722,-86.4,-88.1,-81.4,-84.3,59.099,45.65,,,,
2026-05-22T13:40:13.571596,-86.9,-88.1,-81.4,-84.3,60.275,45.65,,,,
2026-05-22T13:40:13.583577,-86.9,-88.4,-81.4,-84.3,60.831,45.65,,,,
2026-05-22T13:40:13.596382,-86.9,-88.4,-81.1,-84.3,60.9,45.65,,,,
2026-05-22T13:40:13.608921,-86.9,-88.4,-81.1,-84.3,60.959,45.65,,,,
2026-05-22T13:40:13.822879,-86.6,-88.4,-81.1,-84.3,60.779,45.65,,,,
2026-05-22T13:40:13.836227,-86.6,-88.0,-81.1,-84.3,61.243,45.65,,,,
2026-05-22T13:40:13.846956,-86.6,-88.0,-80.8,-84.3,61.239,45.65,,,,
2026-05-22T13:40:13.858357,-86.6,-88.0,-80.8,-84.6,60.676,45.65,,,,
2026-05-22T13:40:14.072867,-86.9,-88.0,-80.8,-84.6,60.438,45.65,,,,
2026-05-22T13:40:14.084407,-86.9,-87.9,-80.8,-84.6,60.4,45.65,,,,
2026-05-22T13:40:14.095742,-86.9,-87.9,-80.4,-84.6,59.86,45.65,,,,
2026-05-22T13:40:14.106827,-86.9,-87.9,-80.4,-85.7,57.289,45.65,,,,
2026-05-22T13:40:14.323292,-87.1,-87.9,-80.4,-85.7,55.384,45.65,,,,
2026-05-22T13:40:14.335576,-87.1,-88.0,-80.4,-85.7,53.561,45.65,,,,
2026-05-22T13:40:14.347374,-87.1,-88.0,-80.2,-85.7,51.818,45.65,,,,
2026-05-22T13:40:14.357909,-87.1,-88.0,-80.2,-85.3,51.081,45.65,,,,
2026-05-22T13:40:14.573661,-86.5,-88.0,-80.2,-85.3,49.669,45.65,,,,
2026-05-22T13:40:14.586070,-86.5,-87.5,-80.2,-85.3,49.57,45.65,,,,
2026-05-22T13:40:14.598222,-86.5,-87.5,-80.7,-85.3,50.174,45.65,,,,
2026-05-22T13:40:14.609452,-86.5,-87.5,-80.7,-85.1,51.078,45.65,,,,
2026-05-22T13:40:14.823956,-86.3,-87.5,-80.7,-85.1,51.614,45.65,,,,
2026-05-22T13:40:14.838279,-86.3,-87.9,-80.7,-85.1,51.072,45.65,,,,
2026-05-22T13:40:14.851769,-86.3,-87.9,-80.5,-85.1,50.342,45.65,,,,
2026-05-22T13:40:14.863361,-86.3,-87.9,-80.5,-84.8,50.464,45.65,,,,
2026-05-22T13:40:15.074404,-86.5,-87.9,-80.5,-84.8,50.81,45.65,,,,
2026-05-22T13:40:15.087211,-86.5,-87.3,-80.5,-84.8,52.286,45.65,,,,
2026-05-22T13:40:15.097908,-86.5,-87.3,-80.8,-84.8,53.958,45.65,,,,
2026-05-22T13:40:15.109278,-86.5,-87.3,-80.8,-84.1,56.389,45.65,,,,
2026-05-22T13:40:15.325247,-86.6,-87.3,-80.8,-84.1,58.502,45.65,,,,
2026-05-22T13:40:15.338791,-86.6,-87.8,-80.8,-84.1,59.549,45.65,,,,
2026-05-22T13:40:15.350617,-86.6,-87.8,-80.4,-84.1,59.935,45.65,,,,
2026-05-22T13:40:15.361087,-86.6,-87.8,-80.4,-83.4,61.328,45.65,,,,
2026-05-22T13:40:15.575322,-86.4,-87.8,-80.4,-83.4,62.431,45.65,,,,
2026-05-22T13:40:15.589795,-86.4,-87.7,-80.4,-83.4,63.483,45.65,,,,
2026-05-22T13:40:15.601502,-86.4,-87.7,-80.8,-83.4,64.859,45.65,,,,
2026-05-22T13:40:15.613705,-86.4,-87.7,-80.8,-83.8,65.45,45.65,,,,
2026-05-22T13:40:15.826063,-86.6,-87.7,-80.8,-83.8,66.051,45.65,,,,
2026-05-22T13:40:15.838378,-86.6,-88.1,-80.8,-83.8,66.044,45.65,,,,
2026-05-22T13:40:15.849626,-86.6,-88.1,-80.5,-83.8,65.672,45.65,,,,
2026-05-22T13:40:15.861741,-86.6,-88.1,-80.5,-83.3,66.147,45.65,,,,
2026-05-22T13:40:16.081811,-86.3,-88.1,-80.5,-83.3,66.42,45.65,,,,
2026-05-22T13:40:16.096093,-86.3,-88.7,-80.5,-83.3,66.043,45.65,,,,
2026-05-22T13:40:16.108515,-86.3,-88.7,-81.0,-83.3,66.302,45.65,,,,
2026-05-22T13:40:16.120306,-86.3,-88.7,-81.0,-82.7,67.516,45.65,,,,
2026-05-22T13:40:16.332538,-86.2,-88.7,-81.0,-82.7,68.506,45.65,,,,
2026-05-22T13:40:16.346580,-86.2,-88.8,-81.0,-82.7,69.27,45.65,,,,
2026-05-22T13:40:16.358268,-86.2,-88.8,-81.9,-82.7,70.993,45.65,,,,
2026-05-22T13:40:16.369829,-86.2,-88.8,-81.9,-82.9,72.148,45.65,,,,
2026-05-22T13:40:16.582609,-86.2,-88.8,-81.9,-82.9,73.13,45.65,,,,
2026-05-22T13:40:16.595159,-86.2,-88.6,-81.9,-82.9,74.144,45.65,,,,
2026-05-22T13:40:16.606860,-86.2,-88.6,-82.0,-82.9,75.133,45.65,,,,
2026-05-22T13:40:16.619265,-86.2,-88.6,-82.0,-83.3,75.34,45.65,,,,
2026-05-22T13:40:16.832771,-86.4,-88.6,-82.0,-83.3,75.634,45.65,,,,
2026-05-22T13:40:16.846149,-86.4,-88.9,-82.0,-83.3,75.576,45.65,,,,
2026-05-22T13:40:16.857428,-86.4,-88.9,-81.8,-83.3,75.264,45.65,,,,
2026-05-22T13:40:16.869024,-86.4,-88.9,-81.8,-83.5,74.636,45.65,,,,
2026-05-22T13:40:17.083009,-86.4,-88.9,-81.8,-83.5,74.102,45.65,,,,
2026-05-22T13:40:17.096159,-86.4,-88.8,-81.8,-83.5,73.757,45.65,,,,
2026-05-22T13:40:17.108242,-86.4,-88.8,-81.3,-83.5,72.817,45.65,,,,
2026-05-22T13:40:17.120830,-86.4,-88.8,-81.3,-83.6,71.829,45.65,,,,
2026-05-22T13:40:17.333916,-86.5,-88.8,-81.3,-83.6,71.054,45.65,,,,
2026-05-22T13:40:17.346493,-86.5,-88.3,-81.3,-83.6,70.965,45.65,,,,
2026-05-22T13:40:17.358377,-86.5,-88.3,-80.7,-83.6,70.139,45.65,,,,
2026-05-22T13:40:17.369446,-86.5,-88.3,-80.7,-84.1,68.532,45.65,,,,
2026-05-22T13:40:17.584170,-86.8,-88.3,-80.7,-84.1,67.373,45.65,,,,
2026-05-22T13:40:17.596082,-86.8,-88.4,-80.7,-84.1,66.258,45.65,,,,
2026-05-22T13:40:17.607646,-86.8,-88.4,-80.6,-84.1,65.19,45.65,,,,
2026-05-22T13:40:17.619134,-86.8,-88.4,-80.6,-84.2,64.096,45.65,,,,
2026-05-22T13:40:17.834825,-86.8,-88.4,-80.6,-84.2,63.166,45.65,,,,
2026-05-22T13:40:17.847786,-86.8,-88.3,-80.6,-84.2,62.509,45.65,,,,
2026-05-22T13:40:17.858924,-86.8,-88.3,-80.9,-84.2,62.323,45.65,,,,
2026-05-22T13:40:17.869783,-86.8,-88.3,-80.9,-84.8,60.991,45.65,,,,
2026-05-22T13:40:18.085433,-86.6,-88.3,-80.9,-84.8,59.635,45.65,,,,
2026-05-22T13:40:18.097197,-86.6,-87.7,-80.9,-84.8,59.63,45.65,,,,
2026-05-22T13:40:18.111361,-86.6,-87.7,-80.4,-84.8,58.955,45.65,,,,
2026-05-22T13:40:18.123298,-86.6,-87.7,-80.4,-83.9,59.883,45.65,,,,
2026-05-22T13:40:18.335649,-86.8,-87.7,-80.4,-83.9,60.766,45.65,,,,
2026-05-22T13:40:18.348947,-86.8,-87.4,-80.4,-83.9,61.916,45.65,,,,
2026-05-22T13:40:18.361250,-86.8,-87.4,-80.3,-83.9,62.771,45.65,,,,
2026-05-22T13:40:18.373423,-86.8,-87.4,-80.3,-83.6,63.89,45.65,,,,
2026-05-22T13:40:18.586991,-86.8,-87.4,-80.3,-83.6,64.841,45.65,,,,
2026-05-22T13:40:18.606937,-86.8,-88.5,-80.3,-83.6,64.409,45.65,,,,
2026-05-22T13:40:18.623171,-86.8,-88.5,-80.3,-83.6,64.042,45.65,,,,
2026-05-22T13:40:18.636906,-86.8,-88.5,-80.3,-83.7,63.558,45.65,,,,
2026-05-22T13:40:18.838284,-85.9,-88.5,-80.3,-83.7,62.524,45.65,,,,
2026-05-22T13:40:18.856701,-85.9,-88.0,-80.3,-83.7,62.308,45.65,,,,
2026-05-22T13:40:18.873231,-85.9,-88.0,-79.7,-83.7,61.454,45.65,,,,
2026-05-22T13:40:18.887133,-85.9,-88.0,-79.7,-84.4,59.174,45.65,,,,
2026-05-22T13:40:19.087814,-85.5,-88.0,-79.7,-84.4,56.548,45.65,,,,
2026-05-22T13:40:19.107514,-85.5,-88.2,-79.7,-84.4,54.316,45.65,,,,
2026-05-22T13:40:19.124381,-85.5,-88.2,-79.9,-84.4,52.418,45.65,,,,
2026-05-22T13:40:19.139091,-85.5,-88.2,-79.9,-84.9,50.805,45.65,,,,
2026-05-22T13:40:19.337411,-85.5,-88.2,-79.9,-84.9,49.434,45.65,,,,
2026-05-22T13:40:19.350044,-85.5,-88.4,-79.9,-84.9,48.269,45.65,,,,
2026-05-22T13:40:19.363259,-85.5,-88.4,-79.9,-84.9,47.279,45.65,,,,
2026-05-22T13:40:19.374814,-85.5,-88.4,-79.9,-84.8,46.437,45.65,,,,
2026-05-22T13:40:19.588467,-86.3,-88.4,-79.9,-84.8,45.721,45.65,,,,
2026-05-22T13:40:19.609680,-86.3,-88.1,-79.9,-84.8,45.468,45.65,,,,
2026-05-22T13:40:19.624504,-86.3,-88.1,-79.9,-84.8,45.253,45.65,,,,
2026-05-22T13:40:19.638933,-86.3,-88.1,-79.9,-84.2,46.379,45.65,,,,
2026-05-22T13:40:19.838769,-85.9,-88.1,-79.9,-84.2,46.898,45.65,,,,
2026-05-22T13:40:19.857371,-85.9,-87.8,-79.9,-84.2,47.849,45.65,,,,
2026-05-22T13:40:19.877617,-85.9,-87.8,-80.1,-84.2,48.894,45.65,,,,
2026-05-22T13:40:19.894098,-85.9,-87.8,-80.1,-84.4,49.329,45.65,,,,
2026-05-22T13:40:20.088385,-86.6,-87.8,-80.1,-84.4,50.383,45.65,,,,
2026-05-22T13:40:20.105878,-86.6,-87.7,-80.1,-84.4,51.436,45.65,,,,
2026-05-22T13:40:20.122368,-86.6,-87.7,-80.6,-84.4,52.949,45.65,,,,
2026-05-22T13:40:20.142237,-86.6,-87.7,-80.6,-84.1,54.719,45.65,,,,
2026-05-22T13:40:20.338661,-86.5,-87.7,-80.6,-84.1,56.166,45.65,,,,
2026-05-22T13:40:20.358359,-86.5,-87.6,-80.6,-84.1,57.546,45.65,,,,
2026-05-22T13:40:20.369583,-86.5,-87.6,-81.1,-84.1,59.38,45.65,,,,
2026-05-22T13:40:20.391099,-86.5,-87.6,-81.1,-83.4,61.91,45.65,,,,
2026-05-22T13:40:20.589067,-86.5,-87.6,-81.1,-83.4,64.061,45.65,,,,
2026-05-22T13:40:20.620754,-86.5,-87.0,-81.1,-83.4,66.628,45.65,,,,
2026-05-22T13:40:20.632072,-86.5,-87.0,-81.4,-83.4,69.214,45.65,,,,
2026-05-22T13:40:20.654477,-86.5,-87.0,-81.4,-84.5,70.204,45.65,,,,
2026-05-22T13:40:20.839869,-87.0,-87.0,-81.4,-84.5,71.277,45.65,,,,
2026-05-22T13:40:20.854554,-87.0,-86.9,-81.4,-84.5,72.361,45.65,,,,
2026-05-22T13:40:20.866048,-87.0,-86.9,-81.1,-84.5,72.835,45.65,,,,
2026-05-22T13:40:20.877480,-87.0,-86.9,-81.1,-84.0,73.765,45.65,,,,
2026-05-22T13:40:21.090052,-86.5,-86.9,-81.1,-84.0,74.373,45.65,,,,
2026-05-22T13:40:21.106843,-86.5,-86.8,-81.1,-84.0,75.044,45.65,,,,
2026-05-22T13:40:21.118502,-86.5,-86.8,-81.0,-84.0,75.475,45.65,,,,
2026-05-22T13:40:21.130088,-86.5,-86.8,-81.0,-84.1,75.736,45.65,,,,
2026-05-22T13:40:21.340965,-86.0,-86.8,-81.0,-84.1,75.739,45.65,,,,
2026-05-22T13:40:21.354540,-86.0,-86.7,-81.0,-84.1,75.91,45.65,,,,
2026-05-22T13:40:21.369748,-86.0,-86.7,-81.2,-84.1,76.334,45.65,,,,
2026-05-22T13:40:21.381968,-86.0,-86.7,-81.2,-83.8,77.006,45.65,,,,
2026-05-22T13:40:21.591028,-85.6,-86.7,-81.2,-83.8,77.394,45.65,,,,
2026-05-22T13:40:21.604388,-85.6,-87.4,-81.2,-83.8,76.598,45.65,,,,
2026-05-22T13:40:21.618977,-85.6,-87.4,-81.4,-83.8,76.191,45.65,,,,
2026-05-22T13:40:21.631666,-85.6,-87.4,-81.4,-84.1,75.374,45.65,,,,
2026-05-22T13:40:21.842329,-85.9,-87.4,-81.4,-84.1,74.906,45.65,,,,
2026-05-22T13:40:21.856167,-85.9,-87.8,-81.4,-84.1,73.814,45.65,,,,
2026-05-22T13:40:21.875750,-85.9,-87.8,-80.9,-84.1,72.196,45.65,,,,
2026-05-22T13:40:21.887653,-85.9,-87.8,-80.9,-83.6,71.709,45.65,,,,
2026-05-22T13:40:22.092424,-85.6,-87.8,-80.9,-83.6,71.093,45.65,,,,
2026-05-22T13:40:22.107291,-85.6,-88.5,-80.9,-83.6,69.575,45.65,,,,
2026-05-22T13:40:22.122990,-85.6,-88.5,-81.0,-83.6,68.41,45.65,,,,
2026-05-22T13:40:22.135804,-85.6,-88.5,-81.0,-84.1,66.071,45.65,,,,
2026-05-22T13:40:22.347858,-85.3,-88.5,-81.0,-84.1,63.321,45.65,,,,
2026-05-22T13:40:22.368477,-85.3,-88.6,-81.0,-84.1,60.702,45.65,,,,
2026-05-22T13:40:22.386666,-85.3,-88.6,-80.7,-84.1,57.988,45.65,,,,
2026-05-22T13:40:22.399728,-85.3,-88.6,-80.7,-83.6,57.666,45.65,,,,
2026-05-22T13:40:22.596418,-85.5,-88.6,-80.7,-83.6,57.664,45.65,,,,
2026-05-22T13:40:22.612353,-85.5,-88.6,-80.7,-83.6,57.662,45.65,,,,
2026-05-22T13:40:22.624664,-85.5,-88.6,-80.1,-83.6,56.959,45.65,,,,
2026-05-22T13:40:22.643622,-85.5,-88.6,-80.1,-83.8,55.791,45.65,,,,
2026-05-22T13:40:22.848812,-86.5,-88.6,-80.1,-83.8,55.86,45.65,,,,
2026-05-22T13:40:22.860822,-86.5,-88.4,-80.1,-83.8,56.144,45.65,,,,
2026-05-22T13:40:22.878663,-86.5,-88.4,-80.0,-83.8,56.278,45.65,,,,
2026-05-22T13:40:22.889777,-86.5,-88.4,-80.0,-84.7,54.56,45.65,,,,
2026-05-22T13:40:23.099831,-86.7,-88.4,-80.0,-84.7,53.334,45.65,,,,
2026-05-22T13:40:23.112032,-86.7,-88.1,-80.0,-84.7,52.737,45.65,,,,
2026-05-22T13:40:23.134893,-86.7,-88.1,-80.1,-84.7,52.335,45.65,,,,
2026-05-22T13:40:23.147534,-86.7,-88.1,-80.1,-84.4,52.564,45.65,,,,
2026-05-22T13:40:23.351537,-87.0,-88.1,-80.1,-84.4,52.969,45.65,,,,
2026-05-22T13:40:23.370320,-87.0,-87.6,-80.1,-84.4,54.024,45.65,,,,
2026-05-22T13:40:23.381503,-87.0,-87.6,-80.1,-84.4,54.921,45.65,,,,
2026-05-22T13:40:23.398689,-87.0,-87.6,-80.1,-84.6,55.381,45.65,,,,
2026-05-22T13:40:23.601705,-87.4,-87.6,-80.1,-84.6,55.978,45.65,,,,
2026-05-22T13:40:23.620879,-87.4,-87.7,-80.1,-84.6,56.339,45.65,,,,
2026-05-22T13:40:23.633043,-87.4,-87.7,-79.5,-84.6,55.999,45.65,,,,
2026-05-22T13:40:23.652668,-87.4,-87.7,-79.5,-84.5,55.852,45.65,,,,
2026-05-22T13:40:23.852386,-86.8,-87.7,-79.5,-84.5,55.399,45.65,,,,
2026-05-22T13:40:23.865385,-86.8,-87.9,-79.5,-84.5,54.733,45.65,,,,
2026-05-22T13:40:23.884528,-86.8,-87.9,-80.2,-84.5,54.907,45.65,,,,
2026-05-22T13:40:23.903463,-86.8,-87.9,-80.2,-84.6,54.88,45.65,,,,
2026-05-22T13:40:24.102052,-87.0,-87.9,-80.2,-84.6,54.999,45.65,,,,
2026-05-22T13:40:24.118129,-87.0,-87.8,-80.2,-84.6,55.253,45.65,,,,
2026-05-22T13:40:24.130793,-87.0,-87.8,-80.5,-84.6,55.834,45.65,,,,
2026-05-22T13:40:24.143141,-87.0,-87.8,-80.5,-85.0,55.654,45.65,,,,
2026-05-22T13:40:24.352732,-87.0,-87.8,-80.5,-85.0,55.501,45.65,,,,
2026-05-22T13:40:24.366471,-87.0,-87.8,-80.5,-85.0,55.37,45.65,,,,
2026-05-22T13:40:24.387843,-87.0,-87.8,-81.2,-85.0,56.217,45.65,,,,
2026-05-22T13:40:24.399851,-87.0,-87.8,-81.2,-85.0,56.937,45.65,,,,
2026-05-22T13:40:24.602715,-86.5,-87.8,-81.2,-85.0,57.082,45.65,,,,
2026-05-22T13:40:24.618065,-86.5,-87.7,-81.2,-85.0,57.429,45.65,,,,
2026-05-22T13:40:24.634417,-86.5,-87.7,-80.4,-85.0,56.592,45.65,,,,
2026-05-22T13:40:24.646770,-86.5,-87.7,-80.4,-85.2,55.457,45.65,,,,
2026-05-22T13:40:24.853206,-85.8,-87.7,-80.4,-85.2,53.388,45.65,,,,
2026-05-22T13:40:24.869028,-85.8,-87.6,-80.4,-85.2,51.63,45.65,,,,
2026-05-22T13:40:24.884947,-85.8,-87.6,-80.6,-85.2,50.158,45.65,,,,
2026-05-22T13:40:24.898114,-85.8,-87.6,-80.6,-84.9,50.063,45.65,,,,
2026-05-22T13:40:25.103521,-85.6,-87.6,-80.6,-84.9,49.387,45.65,,,,
2026-05-22T13:40:25.120376,-85.6,-87.6,-80.6,-84.9,48.812,45.65,,,,
2026-05-22T13:40:25.137403,-85.6,-87.6,-81.0,-84.9,49.098,45.65,,,,
2026-05-22T13:40:25.151535,-85.6,-87.6,-81.0,-84.1,51.407,45.65,,,,
2026-05-22T13:40:25.354124,-85.6,-87.6,-81.0,-84.1,53.369,45.65,,,,
2026-05-22T13:40:25.371745,-85.6,-87.7,-81.0,-84.1,54.846,45.65,,,,
2026-05-22T13:40:25.388638,-85.6,-87.7,-81.2,-84.1,56.383,45.65,,,,
2026-05-22T13:40:25.400977,-85.6,-87.7,-81.2,-84.7,56.236,45.65,,,,
2026-05-22T13:40:25.604417,-85.1,-87.7,-81.2,-84.7,54.05,47.058,,,,
2026-05-22T13:40:25.618131,-85.1,-87.9,-81.2,-84.7,52.192,48.053,,,,
2026-05-22T13:40:25.636955,-85.1,-87.9,-80.7,-84.7,50.613,48.235,,,,
2026-05-22T13:40:25.653694,-85.1,-87.9,-80.7,-85.0,49.271,48.758,,,,
2026-05-22T13:40:25.855863,-84.9,-87.9,-80.7,-85.0,48.13,49.834,,,,
2026-05-22T13:40:25.869792,-84.9,-87.7,-80.7,-85.0,47.16,50.907,,,,
2026-05-22T13:40:25.884217,-84.9,-87.7,-80.7,-85.0,46.336,51.819,,,,
2026-05-22T13:40:25.903277,-84.9,-87.7,-80.7,-84.4,45.635,52.054,,,,
2026-05-22T13:40:26.105137,-84.8,-87.7,-80.7,-84.4,45.04,52.629,,,,
2026-05-22T13:40:26.121222,-84.8,-88.8,-80.7,-84.4,44.534,52.36,,,,
2026-05-22T13:40:26.137106,-84.8,-88.8,-80.8,-84.4,44.104,52.23,,,,
2026-05-22T13:40:26.150052,-84.8,-88.8,-80.8,-84.9,43.738,52.543,,,,
2026-05-22T13:40:26.356246,-85.7,-88.8,-80.8,-84.9,43.427,51.509,,,,
2026-05-22T13:40:26.372677,-85.7,-88.9,-80.8,-84.9,43.163,50.63,,,,
2026-05-22T13:40:26.390448,-85.7,-88.9,-80.7,-84.9,42.938,49.883,,,,
2026-05-22T13:40:26.402971,-85.7,-88.9,-80.7,-84.9,42.747,49.248,,,,
2026-05-22T13:40:26.606032,-85.8,-88.9,-80.7,-84.9,42.585,48.708,,,,
2026-05-22T13:40:26.621947,-85.8,-89.2,-80.7,-84.9,42.447,48.249,,,,
2026-05-22T13:40:26.635873,-85.8,-89.2,-80.2,-84.9,42.33,47.859,,,,
2026-05-22T13:40:26.647828,-85.8,-89.2,-80.2,-84.8,42.23,47.527,,,,
2026-05-22T13:40:26.856374,-86.3,-89.2,-80.2,-84.8,42.145,47.245,,,,
2026-05-22T13:40:26.872361,-86.3,-88.4,-80.2,-84.8,42.192,47.005,,,,
2026-05-22T13:40:26.890835,-86.3,-88.4,-80.3,-84.8,42.329,46.801,,,,
2026-05-22T13:40:26.903993,-86.3,-88.4,-80.3,-84.9,42.23,46.628,,,,
2026-05-22T13:40:27.106841,-86.1,-88.4,-80.3,-84.9,42.145,46.481,,,,
2026-05-22T13:40:27.123044,-86.1,-88.5,-80.3,-84.9,42.073,46.356,,,,
2026-05-22T13:40:27.140933,-86.1,-88.5,-80.5,-84.9,42.012,46.25,,,,
2026-05-22T13:40:27.157242,-86.1,-88.5,-80.5,-85.0,41.96,46.16,,,,
2026-05-22T13:40:27.357374,-86.2,-88.5,-80.5,-85.0,41.916,46.083,,,,
2026-05-22T13:40:27.376577,-86.2,-88.0,-80.5,-85.0,42.4,46.018,,,,
2026-05-22T13:40:27.394773,-86.2,-88.0,-80.4,-85.0,42.687,45.962,,,,
2026-05-22T13:40:27.412524,-86.2,-88.0,-80.4,-84.7,43.723,45.915,,,,
2026-05-22T13:40:27.607757,-86.1,-88.0,-80.4,-84.7,44.448,45.875,,,,
2026-05-22T13:40:27.620890,-86.1,-87.6,-80.4,-84.7,45.926,45.841,,,,
2026-05-22T13:40:27.635108,-86.1,-87.6,-80.6,-84.7,47.456,45.812,,,,
2026-05-22T13:40:27.648515,-86.1,-87.6,-80.6,-84.3,49.539,45.787,,,,
2026-05-22T13:40:27.858108,-86.2,-87.6,-80.6,-84.3,51.389,45.766,,,,
2026-05-22T13:40:27.891763,-86.2,-87.8,-80.6,-84.3,52.616,45.748,,,,
2026-05-22T13:40:27.908940,-86.2,-87.8,-80.5,-84.3,53.53,45.733,,,,
2026-05-22T13:40:27.920841,-86.2,-87.8,-80.5,-83.8,55.199,45.72,,,,
2026-05-22T13:40:28.108658,-86.1,-87.8,-80.5,-83.8,56.556,45.709,,,,
2026-05-22T13:40:28.121250,-86.1,-88.6,-80.5,-83.8,56.636,45.7,,,,
2026-05-22T13:40:28.136212,-86.1,-88.6,-80.9,-83.8,57.181,45.692,,,,
2026-05-22T13:40:28.148035,-86.1,-88.6,-80.9,-84.4,56.173,45.685,,,,
2026-05-22T13:40:28.358814,-86.4,-88.6,-80.9,-84.4,55.726,45.679,,,,
2026-05-22T13:40:28.373308,-86.4,-88.5,-80.9,-84.4,55.506,45.674,,,,
2026-05-22T13:40:28.388677,-86.4,-88.5,-80.6,-84.4,54.952,45.67,,,,
2026-05-22T13:40:28.401177,-86.4,-88.5,-80.6,-84.9,53.215,45.667,,,,
2026-05-22T13:40:28.609019,-86.1,-88.5,-80.6,-84.9,51.483,45.664,,,,
2026-05-22T13:40:28.621196,-86.1,-88.4,-80.6,-84.9,50.01,45.661,,,,
2026-05-22T13:40:28.636601,-86.1,-88.4,-80.7,-84.9,48.758,45.659,,,,
2026-05-22T13:40:28.648924,-86.1,-88.4,-80.7,-84.9,47.694,45.657,,,,
2026-05-22T13:40:28.859563,-86.4,-88.4,-80.7,-84.9,47.35,45.655,,,,
2026-05-22T13:40:28.875832,-86.4,-88.5,-80.7,-84.9,46.863,45.654,,,,
2026-05-22T13:40:28.888545,-86.4,-88.5,-80.9,-84.9,46.686,45.653,,,,
2026-05-22T13:40:28.902471,-86.4,-88.5,-80.9,-85.1,45.938,45.652,,,,
2026-05-22T13:40:29.110421,-85.6,-88.5,-80.9,-85.1,45.297,45.651,,,,
2026-05-22T13:40:29.127852,-85.6,-88.5,-80.9,-85.1,44.752,45.65,,,,
2026-05-22T13:40:29.142706,-85.6,-88.5,-80.3,-85.1,44.289,45.65,,,,
2026-05-22T13:40:29.163841,-85.6,-88.5,-80.3,-84.8,43.896,45.65,,,,
2026-05-22T13:40:29.360840,-85.8,-88.5,-80.3,-84.8,43.561,45.65,,,,
2026-05-22T13:40:29.373834,-85.8,-87.7,-80.3,-84.8,44.02,45.65,,,,
2026-05-22T13:40:29.393095,-85.8,-87.7,-80.6,-84.8,44.859,45.65,,,,
2026-05-22T13:40:29.405651,-85.8,-87.7,-80.6,-85.1,44.449,45.65,,,,
2026-05-22T13:40:29.611185,-84.9,-87.7,-80.6,-85.1,44.032,47.301,,,,
2026-05-22T13:40:29.624091,-84.9,-87.4,-80.6,-85.1,43.677,48.965,,,,
2026-05-22T13:40:29.638846,-84.9,-87.4,-80.1,-85.1,43.375,49.811,,,,
2026-05-22T13:40:29.653925,-84.9,-87.4,-80.1,-84.4,43.119,49.825,,,,
2026-05-22T13:40:29.861251,-85.7,-87.4,-80.1,-84.4,44.991,49.198,,,,
2026-05-22T13:40:29.876472,-85.7,-87.6,-80.1,-84.4,46.145,48.665,,,,
2026-05-22T13:40:29.888211,-85.7,-87.6,-80.2,-84.4,47.258,48.212,,,,
2026-05-22T13:40:29.902934,-85.7,-87.6,-80.2,-84.0,49.08,47.827,,,,
2026-05-22T13:40:30.111856,-85.4,-87.6,-80.2,-84.0,50.31,47.5,,,,
2026-05-22T13:40:30.129476,-85.4,-88.1,-80.2,-84.0,50.347,47.222,,,,
2026-05-22T13:40:30.142370,-85.4,-88.1,-80.3,-84.0,50.51,46.986,,,,
2026-05-22T13:40:30.161446,-85.4,-88.1,-80.3,-84.2,49.953,46.785,,,,
2026-05-22T13:40:30.362254,-85.6,-88.1,-80.3,-84.2,49.936,46.614,,,,
2026-05-22T13:40:30.380991,-85.6,-87.8,-80.3,-84.2,50.543,46.469,,,,
2026-05-22T13:40:30.396721,-85.6,-87.8,-80.9,-84.2,51.885,46.346,,,,
2026-05-22T13:40:30.418250,-85.6,-87.8,-80.9,-83.6,54.243,46.241,,,,
2026-05-22T13:40:30.612209,-85.7,-87.8,-80.9,-83.6,56.319,46.152,,,,
2026-05-22T13:40:30.647832,-85.7,-87.9,-80.9,-83.6,57.942,46.076,,,,
2026-05-22T13:40:30.663446,-85.7,-87.9,-81.1,-83.6,59.575,46.012,,,,
2026-05-22T13:40:30.682239,-85.7,-87.9,-81.1,-83.6,60.963,45.957,,,,
2026-05-22T13:40:30.862724,-85.6,-87.9,-81.1,-83.6,62.069,45.91,,,,
2026-05-22T13:40:30.878934,-85.6,-88.0,-81.1,-83.6,62.865,45.871,,,,
2026-05-22T13:40:30.892844,-85.6,-88.0,-81.1,-83.6,63.541,45.837,,,,
2026-05-22T13:40:30.911599,-85.6,-88.0,-81.1,-83.5,64.301,45.808,,,,
2026-05-22T13:40:31.112962,-85.8,-88.0,-81.1,-83.5,65.088,45.784,,,,
2026-05-22T13:40:31.128513,-85.8,-87.1,-81.1,-83.5,66.975,45.763,,,,
2026-05-22T13:40:31.140579,-85.8,-87.1,-81.1,-83.5,68.579,45.746,,,,
2026-05-22T13:40:31.159158,-85.8,-87.1,-81.1,-83.2,70.297,45.731,,,,
2026-05-22T13:40:31.363606,-85.5,-87.1,-81.1,-83.2,71.624,45.718,,,,
2026-05-22T13:40:31.381321,-85.5,-87.4,-81.1,-83.2,72.369,45.707,,,,
2026-05-22T13:40:31.393951,-85.5,-87.4,-80.3,-83.2,72.054,45.698,,,,
2026-05-22T13:40:31.414556,-85.5,-87.4,-80.3,-83.1,71.93,45.69,,,,
2026-05-22T13:40:31.613981,-86.2,-87.4,-80.3,-83.1,72.107,45.684,,,,
2026-05-22T13:40:31.633046,-86.2,-87.7,-80.3,-83.1,71.935,45.678,,,,
2026-05-22T13:40:31.645443,-86.2,-87.7,-80.3,-83.1,71.789,45.673,,,,
2026-05-22T13:40:31.666460,-86.2,-87.7,-80.3,-83.3,71.381,45.669,,,,
2026-05-22T13:40:31.864566,-86.0,-87.7,-80.3,-83.3,70.946,45.666,,,,
2026-05-22T13:40:31.879176,-86.0,-87.9,-80.3,-83.3,70.346,45.663,,,,
2026-05-22T13:40:31.899450,-86.0,-87.9,-80.6,-83.3,70.183,45.661,,,,
2026-05-22T13:40:31.913550,-86.0,-87.9,-80.6,-83.2,70.199,45.659,,,,
2026-05-22T13:40:32.114984,-85.6,-87.9,-80.6,-83.2,70.002,45.657,,,,
2026-05-22T13:40:32.129054,-85.6,-88.5,-80.6,-83.2,69.15,45.655,,,,
2026-05-22T13:40:32.147005,-85.6,-88.5,-80.5,-83.2,68.313,45.654,,,,
2026-05-22T13:40:32.159202,-85.6,-88.5,-80.5,-82.4,69.001,45.653,,,,
2026-05-22T13:40:32.366144,-86.0,-88.5,-80.5,-82.4,69.741,45.652,,,,
2026-05-22T13:40:32.386720,-86.0,-88.9,-80.5,-82.4,70.094,45.651,,,,
2026-05-22T13:40:32.402235,-86.0,-88.9,-80.4,-82.4,70.29,45.65,,,,
2026-05-22T13:40:32.424808,-86.0,-88.9,-80.4,-82.0,71.058,45.65,,,,
2026-05-22T13:40:32.616896,-86.1,-88.9,-80.4,-82.0,71.742,45.65,,,,
2026-05-22T13:40:32.639088,-86.1,-88.9,-80.4,-82.0,72.323,45.65,,,,
2026-05-22T13:40:32.652543,-86.1,-88.9,-80.6,-82.0,73.023,45.65,,,,
2026-05-22T13:40:32.673914,-86.1,-88.9,-80.6,-82.7,72.545,45.65,,,,
2026-05-22T13:40:32.866494,-85.7,-88.9,-80.6,-82.7,71.946,45.65,,,,
2026-05-22T13:40:32.882848,-85.7,-89.1,-80.6,-82.7,71.283,45.65,,,,
2026-05-22T13:40:32.903018,-85.7,-89.1,-80.2,-82.7,70.303,45.65,,,,
2026-05-22T13:40:32.924644,-85.7,-89.1,-80.2,-83.1,68.658,45.65,,,,
2026-05-22T13:40:33.117219,-85.7,-89.1,-80.2,-83.1,67.26,45.65,,,,
2026-05-22T13:40:33.132119,-85.7,-88.7,-80.2,-83.1,66.443,45.65,,,,
2026-05-22T13:40:33.146758,-85.7,-88.7,-81.4,-83.1,67.118,45.65,,,,
2026-05-22T13:40:33.160950,-85.7,-88.7,-81.4,-83.3,67.304,45.65,,,,
2026-05-22T13:40:33.367325,-85.6,-88.7,-81.4,-83.3,67.382,45.65,,,,
2026-05-22T13:40:33.385071,-85.6,-88.4,-81.4,-83.3,67.801,45.65,,,,
2026-05-22T13:40:33.402267,-85.6,-88.4,-81.2,-83.3,67.91,45.65,,,,
2026-05-22T13:40:33.414313,-85.6,-88.4,-81.2,-83.3,68.002,45.65,,,,
2026-05-22T13:40:33.618063,-85.8,-88.4,-81.2,-83.3,68.222,45.65,,,,
2026-05-22T13:40:33.630774,-85.8,-88.0,-81.2,-83.3,68.878,45.65,,,,
2026-05-22T13:40:33.643353,-85.8,-88.0,-81.4,-83.3,69.687,45.65,,,,
2026-05-22T13:40:33.655812,-85.8,-88.0,-81.4,-82.9,70.974,45.65,,,,
2026-05-22T13:40:33.868322,-86.1,-88.0,-81.4,-82.9,72.207,45.65,,,,
2026-05-22T13:40:33.881805,-86.1,-88.0,-81.4,-82.9,73.255,45.65,,,,
2026-05-22T13:40:33.893971,-86.1,-88.0,-81.1,-82.9,73.78,45.65,,,,
2026-05-22T13:40:33.908243,-86.1,-88.0,-81.1,-82.7,74.499,45.65,,,,
2026-05-22T13:40:34.119019,-86.4,-88.0,-81.1,-82.7,75.221,45.65,,,,
2026-05-22T13:40:34.131389,-86.4,-87.5,-81.1,-82.7,76.296,45.65,,,,
2026-05-22T13:40:34.143632,-86.4,-87.5,-80.5,-82.7,76.499,45.65,,,,
2026-05-22T13:40:34.155172,-86.4,-87.5,-80.5,-83.2,76.055,45.65,,,,
2026-05-22T13:40:34.369700,-86.6,-87.5,-80.5,-83.2,75.746,45.65,,,,
2026-05-22T13:40:34.382787,-86.6,-87.6,-80.5,-83.2,75.375,45.65,,,,
2026-05-22T13:40:34.394679,-86.6,-87.6,-81.1,-83.2,75.798,45.65,,,,
2026-05-22T13:40:34.406775,-86.6,-87.6,-81.1,-83.4,75.905,45.65,,,,
2026-05-22T13:40:34.620339,-86.1,-87.6,-81.1,-83.4,75.782,45.65,,,,
2026-05-22T13:40:34.633523,-86.1,-87.4,-81.1,-83.4,75.929,45.65,,,,
2026-05-22T13:40:34.646034,-86.1,-87.4,-81.2,-83.4,76.182,45.65,,,,
2026-05-22T13:40:34.658232,-86.1,-87.4,-81.2,-83.3,76.523,45.65,,,,
2026-05-22T13:40:34.870387,-86.0,-87.4,-81.2,-83.3,76.769,45.65,,,,
2026-05-22T13:40:34.883218,-86.0,-87.3,-81.2,-83.3,77.103,45.65,,,,
2026-05-22T13:40:34.895779,-86.0,-87.3,-81.0,-83.3,77.133,45.65,,,,
2026-05-22T13:40:34.910506,-86.0,-87.3,-81.0,-84.0,76.226,45.65,,,,
2026-05-22T13:40:35.121503,-86.2,-87.3,-81.0,-84.0,75.568,45.65,,,,
2026-05-22T13:40:35.134605,-86.2,-86.8,-81.0,-84.0,75.799,45.65,,,,
2026-05-22T13:40:35.149194,-86.2,-86.8,-81.0,-84.0,75.996,45.65,,,,
2026-05-22T13:40:35.162813,-86.2,-86.8,-81.0,-83.4,76.795,45.65,,,,
2026-05-22T13:40:35.372501,-86.2,-86.8,-81.0,-83.4,77.475,45.65,,,,
2026-05-22T13:40:35.395805,-86.2,-87.5,-81.0,-83.4,77.159,45.65,,,,
2026-05-22T13:40:35.414334,-86.2,-87.5,-80.8,-83.4,76.64,45.65,,,,
2026-05-22T13:40:35.430682,-86.2,-87.5,-80.8,-83.7,75.784,45.65,,,,
2026-05-22T13:40:35.622555,-86.7,-87.5,-80.8,-83.7,75.279,45.65,,,,
2026-05-22T13:40:35.635553,-86.7,-87.0,-80.8,-83.7,75.512,45.65,,,,
2026-05-22T13:40:35.649412,-86.7,-87.0,-80.4,-83.7,75.199,45.65,,,,
2026-05-22T13:40:35.662586,-86.7,-87.0,-80.4,-83.9,74.703,45.65,,,,
2026-05-22T13:40:35.872979,-87.0,-87.0,-80.4,-83.9,74.38,45.65,,,,
2026-05-22T13:40:35.887761,-87.0,-86.9,-80.4,-83.9,74.244,45.65,,,,
2026-05-22T13:40:35.901601,-87.0,-86.9,-80.6,-83.9,74.387,45.65,,,,
2026-05-22T13:40:35.915808,-87.0,-86.9,-80.6,-84.4,73.963,45.65,,,,
2026-05-22T13:40:36.123409,-86.6,-86.9,-80.6,-84.4,73.443,45.65,,,,
2026-05-22T13:40:36.137338,-86.6,-87.1,-80.6,-84.4,72.66,45.65,,,,
2026-05-22T13:40:36.150245,-86.6,-87.1,-81.4,-84.4,73.125,45.65,,,,
2026-05-22T13:40:36.163179,-86.6,-87.1,-81.4,-84.4,73.52,45.65,,,,
2026-05-22T13:40:36.373847,-86.7,-87.1,-81.4,-84.4,73.904,45.65,,,,
2026-05-22T13:40:36.423959,-86.7,-86.9,-81.4,-84.4,74.575,45.65,,,,
2026-05-22T13:40:36.465644,-86.7,-86.9,-81.2,-84.4,74.849,45.65,,,,
2026-05-22T13:40:36.508010,-86.7,-86.9,-81.2,-84.1,75.406,45.65,,,,
2026-05-22T13:40:36.624534,-86.8,-86.9,-81.2,-84.1,75.918,45.65,,,,
2026-05-22T13:40:36.924492,-86.8,-86.1,-81.2,-84.1,77.608,45.65,,,,
2026-05-22T13:40:37.196743,-86.8,-86.1,-80.7,-84.1,78.331,45.65,,,,
2026-05-22T13:40:37.255007,-86.8,-86.1,-80.7,-83.7,79.248,45.65,,,,
2026-05-22T13:40:37.271733,-86.6,-86.1,-80.7,-83.7,79.977,45.65,,,,
2026-05-22T13:40:37.292186,-86.6,-86.9,-80.7,-83.7,79.478,45.65,,,,
2026-05-22T13:40:37.307676,-86.6,-86.9,-80.4,-83.7,78.672,45.65,,,,
2026-05-22T13:40:37.329049,-86.6,-86.9,-80.4,-83.6,78.097,45.65,,,,
2026-05-22T13:40:37.346034,-87.0,-86.9,-80.4,-83.6,77.724,45.65,,,,
2026-05-22T13:40:37.359270,-87.0,-87.1,-80.4,-83.6,77.155,45.65,,,,
2026-05-22T13:40:37.377764,-87.0,-87.1,-80.4,-83.6,76.671,45.65,,,,
2026-05-22T13:40:37.393115,-87.0,-87.1,-80.4,-84.2,75.56,45.65,,,,
2026-05-22T13:40:37.416004,-86.8,-87.1,-80.4,-84.2,74.539,45.65,,,,
2026-05-22T13:40:37.436936,-86.8,-86.6,-80.4,-84.2,74.449,45.65,,,,
2026-05-22T13:40:37.452550,-86.8,-86.6,-80.3,-84.2,74.242,45.65,,,,
2026-05-22T13:40:37.474159,-86.8,-86.6,-80.3,-83.9,74.365,45.65,,,,
2026-05-22T13:40:37.625714,-86.8,-86.6,-80.3,-83.9,74.47,45.65,,,,
2026-05-22T13:40:37.642503,-86.8,-86.8,-80.3,-83.9,74.274,45.65,,,,
2026-05-22T13:40:37.658816,-86.8,-86.8,-79.8,-83.9,73.5,45.65,,,,
2026-05-22T13:40:37.672554,-86.8,-86.8,-79.8,-83.7,73.062,45.65,,,,
2026-05-22T13:40:37.875797,-86.0,-86.8,-79.8,-83.7,72.428,45.65,,,,
2026-05-22T13:40:37.891368,-86.0,-87.6,-79.8,-83.7,70.768,45.65,,,,
2026-05-22T13:40:37.907355,-86.0,-87.6,-80.0,-83.7,69.582,45.65,,,,
2026-05-22T13:40:37.920841,-86.0,-87.6,-80.0,-84.5,67.086,45.65,,,,
2026-05-22T13:40:38.125817,-86.0,-87.6,-80.0,-84.5,64.964,45.65,,,,
2026-05-22T13:40:38.139588,-86.0,-87.6,-80.0,-84.5,63.16,45.65,,,,
2026-05-22T13:40:38.157163,-86.0,-87.6,-79.4,-84.5,60.949,45.65,,,,
2026-05-22T13:40:38.169733,-86.0,-87.6,-79.4,-84.4,59.28,45.65,,,,
2026-05-22T13:40:43.606158,-85.9,-90.9,nan,nan,44.687,126.595,,,,
2026-05-22T13:40:43.618874,-85.9,-90.9,-80.6,nan,44.234,114.453,,,,
2026-05-22T13:40:43.631340,-85.9,-90.9,-80.6,-87.3,43.849,104.132,,,,
2026-05-22T13:40:43.855783,-86.4,-90.9,-80.6,-87.3,43.522,95.359,,,,
2026-05-22T13:40:43.869521,-86.4,-90.2,-80.6,-87.3,43.244,87.902,,,,
2026-05-22T13:40:43.881671,-86.4,-90.2,-81.3,-87.3,43.007,81.564,,,,
2026-05-22T13:40:43.900357,-86.4,-90.2,-81.3,-87.4,42.806,76.176,,,,
2026-05-22T13:40:44.106105,-86.6,-90.2,-81.3,-87.4,42.635,71.597,,,,
2026-05-22T13:40:44.124890,-86.6,-90.3,-81.3,-87.4,42.49,67.704,,,,
2026-05-22T13:40:44.137111,-86.6,-90.3,-81.3,-87.4,42.366,64.395,,,,
2026-05-22T13:40:44.151876,-86.6,-90.3,-81.3,-87.2,42.261,61.583,,,,
2026-05-22T13:40:44.356810,-86.7,-90.3,-81.3,-87.2,42.172,59.193,,,,
2026-05-22T13:40:44.374413,-86.7,-90.6,-81.3,-87.2,42.096,57.161,,,,
2026-05-22T13:40:44.389883,-86.7,-90.6,-81.6,-87.2,42.031,55.434,,,,
2026-05-22T13:40:44.408813,-86.7,-90.6,-81.6,-87.0,41.976,53.966,,,,
2026-05-22T13:40:44.607597,-86.1,-90.6,-81.6,-87.0,41.929,52.718,,,,
2026-05-22T13:40:44.624435,-86.1,-90.3,-81.6,-87.0,41.89,51.657,,,,
2026-05-22T13:40:44.637008,-86.1,-90.3,-81.9,-87.0,41.856,50.755,,,,
2026-05-22T13:40:44.656859,-86.1,-90.3,-81.9,-86.5,41.828,49.989,,,,
2026-05-22T13:40:44.858067,-87.0,-90.3,-81.9,-86.5,41.804,49.338,,,,
2026-05-22T13:40:44.875633,-87.0,-90.3,-81.9,-86.5,41.783,48.784,,,,
2026-05-22T13:40:44.889855,-87.0,-90.3,-82.4,-86.5,41.765,48.313,,,,
2026-05-22T13:40:44.905025,-87.0,-90.3,-82.4,-86.0,41.75,47.913,,,,
2026-05-22T13:40:45.108672,-86.9,-90.3,-82.4,-86.0,41.737,47.573,,,,
2026-05-22T13:40:45.128179,-86.9,-90.0,-82.4,-86.0,41.726,47.284,,,,
2026-05-22T13:40:45.144329,-86.9,-90.0,-82.9,-86.0,41.717,47.038,,,,
2026-05-22T13:40:45.162487,-86.9,-90.0,-82.9,-86.7,41.709,46.829,,,,
2026-05-22T13:40:45.358990,-86.6,-90.0,-82.9,-86.7,41.703,46.652,,,,
2026-05-22T13:40:45.372484,-86.6,-89.4,-82.9,-86.7,41.697,46.501,,,,
2026-05-22T13:40:45.387283,-86.6,-89.4,-83.1,-86.7,41.692,46.373,,,,
2026-05-22T13:40:45.399388,-86.6,-89.4,-83.1,-86.6,41.688,46.264,,,,
2026-05-22T13:40:45.609235,-86.4,-89.4,-83.1,-86.6,41.685,46.171,,,,
2026-05-22T13:40:45.622260,-86.4,-89.4,-83.1,-86.6,41.682,46.092,,,,
2026-05-22T13:40:45.637003,-86.4,-89.4,-83.0,-86.6,41.68,46.025,,,,
2026-05-22T13:40:45.649503,-86.4,-89.4,-83.0,-86.6,41.678,45.968,,,,
2026-05-22T13:40:45.859970,-86.5,-89.4,-83.0,-86.6,41.676,45.92,,,,
2026-05-22T13:40:45.873048,-86.5,-89.9,-83.0,-86.6,41.674,45.879,,,,
2026-05-22T13:40:45.888034,-86.5,-89.9,-83.1,-86.6,41.673,45.844,,,,
2026-05-22T13:40:45.901460,-86.5,-89.9,-83.1,-85.6,41.672,45.814,,,,
2026-05-22T13:40:46.111787,-87.3,-89.9,-83.1,-85.6,42.133,45.789,,,,
2026-05-22T13:40:46.130427,-87.3,-89.8,-83.1,-85.6,42.739,45.768,,,,
2026-05-22T13:40:46.146825,-87.3,-89.8,-82.5,-85.6,42.578,45.75,,,,
2026-05-22T13:40:46.162786,-87.3,-89.8,-82.5,-86.1,42.441,45.735,,,,
2026-05-22T13:40:46.361311,-87.4,-89.8,-82.5,-86.1,42.325,45.722,,,,
2026-05-22T13:40:46.375285,-87.4,-89.9,-82.5,-86.1,42.226,45.711,,,,
2026-05-22T13:40:46.397026,-87.4,-89.9,-82.2,-86.1,42.142,45.701,,,,
2026-05-22T13:40:46.408861,-87.4,-89.9,-82.2,-86.0,42.071,45.693,,,,
2026-05-22T13:40:46.611651,-86.9,-89.9,-82.2,-86.0,42.01,45.686,,,,
2026-05-22T13:40:46.625965,-86.9,-89.8,-82.2,-86.0,41.958,45.68,,,,
2026-05-22T13:40:46.645336,-86.9,-89.8,-81.7,-86.0,41.914,45.675,,,,
2026-05-22T13:40:46.658042,-86.9,-89.8,-81.7,-86.3,41.877,45.671,,,,
2026-05-22T13:40:46.861773,-87.6,-89.8,-81.7,-86.3,41.845,45.667,,,,
2026-05-22T13:40:46.874963,-87.6,-89.7,-81.7,-86.3,41.818,45.664,,,,
2026-05-22T13:40:46.890774,-87.6,-89.7,-81.6,-86.3,41.795,45.661,,,,
2026-05-22T13:40:46.904425,-87.6,-89.7,-81.6,-86.0,41.776,45.659,,,,
2026-05-22T13:40:47.112773,-86.1,-89.7,-81.6,-86.0,41.759,45.657,,,,
2026-05-22T13:40:47.127567,-86.1,-89.8,-81.6,-86.0,41.745,45.655,,,,
2026-05-22T13:40:47.142002,-86.1,-89.8,-82.1,-86.0,41.733,45.654,,,,
2026-05-22T13:40:47.153220,-86.1,-89.8,-82.1,-85.9,41.723,45.653,,,,
2026-05-22T13:40:47.363024,-86.2,-89.8,-82.1,-85.9,41.714,45.652,,,,
2026-05-22T13:40:47.375483,-86.2,-89.1,-82.1,-85.9,41.707,45.651,,,,
2026-05-22T13:40:47.388699,-86.2,-89.1,-82.3,-85.9,41.701,45.65,,,,
2026-05-22T13:40:47.401406,-86.2,-89.1,-82.3,-85.2,41.696,45.65,,,,
2026-05-22T13:40:47.613647,-86.6,-89.1,-82.3,-85.2,42.412,45.65,,,,
2026-05-22T13:40:47.627082,-86.6,-89.0,-82.3,-85.2,43.271,45.65,,,,
2026-05-22T13:40:47.640593,-86.6,-89.0,-82.5,-85.2,44.344,45.65,,,,
2026-05-22T13:40:47.652223,-86.6,-89.0,-82.5,-84.7,46.778,45.65,,,,
2026-05-22T13:40:47.864581,-86.7,-89.0,-82.5,-84.7,48.981,45.65,,,,
2026-05-22T13:40:47.882976,-86.7,-88.7,-82.5,-84.7,51.404,45.65,,,,
2026-05-22T13:40:47.898897,-86.7,-88.7,-82.8,-84.7,53.963,45.65,,,,
2026-05-22T13:40:47.926274,-86.7,-88.7,-82.8,-85.1,55.189,45.65,,,,
2026-05-22T13:40:48.114868,-86.8,-88.7,-82.8,-85.1,56.377,45.65,,,,
2026-05-22T13:40:48.127822,-86.8,-89.1,-82.8,-85.1,56.502,45.65,,,,
2026-05-22T13:40:48.139770,-86.8,-89.1,-82.8,-85.1,56.608,45.65,,,,
2026-05-22T13:40:48.153755,-86.8,-89.1,-82.8,-85.2,56.394,45.65,,,,
2026-05-22T13:40:48.365161,-86.5,-89.1,-82.8,-85.2,55.514,45.65,,,,
2026-05-22T13:40:48.387718,-86.5,-89.1,-82.8,-85.2,54.766,45.65,,,,
2026-05-22T13:40:48.401900,-86.5,-89.1,-82.7,-85.2,53.944,45.65,,,,
2026-05-22T13:40:48.421493,-86.5,-89.1,-82.7,-85.1,53.634,45.65,,,,
2026-05-22T13:40:48.615404,-86.9,-89.1,-82.7,-85.1,54.164,45.65,,,,
2026-05-22T13:40:48.633060,-86.9,-89.1,-82.7,-85.1,54.615,45.65,,,,
2026-05-22T13:40:48.645139,-86.9,-89.1,-82.2,-85.1,54.184,45.65,,,,
2026-05-22T13:40:48.663717,-86.9,-89.1,-82.2,-84.9,54.371,45.65,,,,
2026-05-22T13:40:48.866097,-87.4,-89.1,-82.2,-84.9,55.105,45.65,,,,
2026-05-22T13:40:48.883088,-87.4,-89.3,-82.2,-84.9,55.417,45.65,,,,
2026-05-22T13:40:48.894209,-87.4,-89.3,-82.5,-84.9,56.14,45.65,,,,
2026-05-22T13:40:48.916602,-87.4,-89.3,-82.5,-85.5,55.226,45.65,,,,
2026-05-22T13:40:49.118162,-87.2,-89.3,-82.5,-85.5,54.099,45.65,,,,
2026-05-22T13:40:49.139432,-87.2,-89.3,-82.5,-85.5,53.142,45.65,,,,
2026-05-22T13:40:49.156333,-87.2,-89.3,-82.7,-85.5,52.652,45.65,,,,
2026-05-22T13:40:49.180670,-87.2,-89.3,-82.7,-84.9,53.889,45.65,,,,
2026-05-22T13:40:49.367434,-87.4,-89.3,-82.7,-84.9,55.16,45.65,,,,
2026-05-22T13:40:49.382581,-87.4,-89.7,-82.7,-84.9,55.619,45.65,,,,
2026-05-22T13:40:49.399390,-87.4,-89.7,-83.0,-84.9,56.488,45.65,,,,
2026-05-22T13:40:49.412781,-87.4,-89.7,-83.0,-85.2,56.422,45.65,,,,
2026-05-22T13:40:49.618020,-86.7,-89.7,-83.0,-85.2,54.929,45.65,,,,
2026-05-22T13:40:49.636200,-86.7,-89.9,-83.0,-85.2,53.189,45.65,,,,
2026-05-22T13:40:49.654284,-86.7,-89.9,-83.0,-85.2,51.71,45.65,,,,
2026-05-22T13:40:49.668242,-86.7,-89.9,-83.0,-85.4,50.203,45.65,,,,
2026-05-22T13:40:49.868551,-87.2,-89.9,-83.0,-85.4,49.718,45.65,,,,
2026-05-22T13:40:49.887727,-87.2,-90.2,-83.0,-85.4,48.737,45.65,,,,
2026-05-22T13:40:49.905227,-87.2,-90.2,-83.1,-85.4,48.053,45.65,,,,
2026-05-22T13:40:49.918469,-87.2,-90.2,-83.1,-85.4,47.471,45.65,,,,
2026-05-22T13:40:50.121474,-87.2,-90.2,-83.1,-85.4,46.977,45.65,,,,
2026-05-22T13:40:50.137325,-87.2,-90.3,-83.1,-85.4,46.373,45.65,,,,
2026-05-22T13:40:50.154300,-87.2,-90.3,-82.7,-85.4,45.667,45.65,,,,
2026-05-22T13:40:50.168164,-87.2,-90.3,-82.7,-85.1,45.774,45.65,,,,
2026-05-22T13:40:50.371099,-87.2,-90.3,-82.7,-85.1,45.865,45.65,,,,
2026-05-22T13:40:50.383619,-87.2,-90.3,-82.7,-85.1,45.942,45.65,,,,
2026-05-22T13:40:50.399205,-87.2,-90.3,-82.9,-85.1,46.292,45.65,,,,
2026-05-22T13:40:50.411088,-87.2,-90.3,-82.9,-85.2,46.243,45.65,,,,
2026-05-22T13:40:50.621637,-86.5,-90.3,-82.9,-85.2,45.556,45.65,,,,
2026-05-22T13:40:50.646081,-86.5,-90.1,-82.9,-85.2,44.972,45.65,,,,
2026-05-22T13:40:50.659317,-86.5,-90.1,-82.6,-85.2,44.476,45.65,,,,
2026-05-22T13:40:50.675912,-86.5,-90.1,-82.6,-85.3,44.054,45.65,,,,
2026-05-22T13:40:50.872500,-87.1,-90.1,-82.6,-85.3,43.696,45.65,,,,
2026-05-22T13:40:50.895306,-87.1,-90.3,-82.6,-85.3,43.391,45.65,,,,
2026-05-22T13:40:50.909782,-87.1,-90.3,-82.3,-85.3,43.132,45.65,,,,
2026-05-22T13:40:50.929117,-87.1,-90.3,-82.3,-86.1,42.912,45.65,,,,
2026-05-22T13:40:51.122593,-87.2,-90.3,-82.3,-86.1,42.725,45.65,,,,
2026-05-22T13:40:51.141518,-87.2,-90.0,-82.3,-86.1,42.566,45.65,,,,
2026-05-22T13:40:51.153318,-87.2,-90.0,-83.0,-86.1,42.431,45.65,,,,
2026-05-22T13:40:51.169076,-87.2,-90.0,-83.0,-86.1,42.316,45.65,,,,
2026-05-22T13:40:51.372786,-87.4,-90.0,-83.0,-86.1,42.218,45.65,,,,
2026-05-22T13:40:51.389545,-87.4,-89.9,-83.0,-86.1,42.135,45.65,,,,
2026-05-22T13:40:51.402040,-87.4,-89.9,-82.8,-86.1,42.065,45.65,,,,
2026-05-22T13:40:51.420906,-87.4,-89.9,-82.8,-86.3,42.005,45.65,,,,
2026-05-22T13:40:51.623416,-87.9,-89.9,-82.8,-86.3,41.954,45.65,,,,
2026-05-22T13:40:51.645653,-87.9,-89.7,-82.8,-86.3,41.911,45.65,,,,
2026-05-22T13:40:51.657663,-87.9,-89.7,-82.2,-86.3,41.874,45.65,,,,
2026-05-22T13:40:51.675732,-87.9,-89.7,-82.2,-86.1,41.843,45.65,,,,
2026-05-22T13:40:51.873841,-87.8,-89.7,-82.2,-86.1,41.816,45.65,,,,
2026-05-22T13:40:51.893329,-87.8,-89.7,-82.2,-86.1,41.793,45.65,,,,
2026-05-22T13:40:51.912540,-87.8,-89.7,-82.0,-86.1,41.774,45.65,,,,
2026-05-22T13:40:51.937026,-87.8,-89.7,-82.0,-86.7,41.758,45.65,,,,
2026-05-22T13:40:52.124567,-88.0,-89.7,-82.0,-86.7,41.744,45.65,,,,
2026-05-22T13:40:52.141938,-88.0,-89.9,-82.0,-86.7,41.732,45.65,,,,
2026-05-22T13:40:52.159524,-88.0,-89.9,-82.1,-86.7,41.722,45.65,,,,
2026-05-22T13:40:52.181865,-88.0,-89.9,-82.1,-85.9,41.714,45.65,,,,
2026-05-22T13:40:52.374405,-87.5,-89.9,-82.1,-85.9,41.707,45.65,,,,
2026-05-22T13:40:52.386676,-87.5,-89.8,-82.1,-85.9,41.701,45.65,,,,
2026-05-22T13:40:52.400795,-87.5,-89.8,-82.3,-85.9,41.696,45.65,,,,
2026-05-22T13:40:52.412739,-87.5,-89.8,-82.3,-85.9,41.691,45.65,,,,
2026-05-22T13:40:52.624831,-87.3,-89.8,-82.3,-85.9,41.687,45.65,,,,
2026-05-22T13:40:52.642321,-87.3,-89.7,-82.3,-85.9,41.684,45.65,,,,
2026-05-22T13:40:52.659411,-87.3,-89.7,-82.0,-85.9,41.681,45.65,,,,
2026-05-22T13:40:52.673260,-87.3,-89.7,-82.0,-85.7,41.679,45.65,,,,
2026-05-22T13:40:52.875421,-87.1,-89.7,-82.0,-85.7,41.677,45.65,,,,
2026-05-22T13:40:52.890957,-87.1,-90.3,-82.0,-85.7,41.675,45.65,,,,
2026-05-22T13:40:52.906934,-87.1,-90.3,-82.5,-85.7,41.674,45.65,,,,
2026-05-22T13:40:52.920456,-87.1,-90.3,-82.5,-85.4,41.673,45.65,,,,
2026-05-22T13:40:53.126064,-86.9,-90.3,-82.5,-85.4,41.672,45.65,,,,
2026-05-22T13:40:53.140725,-86.9,-90.1,-82.5,-85.4,41.671,45.65,,,,
2026-05-22T13:40:53.157588,-86.9,-90.1,-82.7,-85.4,41.67,45.65,,,,
2026-05-22T13:40:53.171279,-86.9,-90.1,-82.7,-85.8,41.669,45.65,,,,
2026-05-22T13:40:53.376282,-87.2,-90.1,-82.7,-85.8,41.669,45.65,,,,
2026-05-22T13:40:53.390846,-87.2,-89.9,-82.7,-85.8,41.669,45.65,,,,
2026-05-22T13:40:53.405424,-87.2,-89.9,-82.5,-85.8,41.669,45.65,,,,
2026-05-22T13:40:53.417475,-87.2,-89.9,-82.5,-86.1,41.669,45.65,,,,
2026-05-22T13:40:53.627195,-87.2,-89.9,-82.5,-86.1,41.669,45.65,,,,
2026-05-22T13:40:53.645542,-87.2,-89.9,-82.5,-86.1,41.669,45.65,,,,
2026-05-22T13:40:53.663974,-87.2,-89.9,-81.7,-86.1,41.669,45.65,,,,
2026-05-22T13:40:53.675990,-87.2,-89.9,-81.7,-86.6,41.669,45.65,,,,
2026-05-22T13:40:53.877493,-86.5,-89.9,-81.7,-86.6,41.669,45.65,,,,
2026-05-22T13:40:53.898711,-86.5,-89.3,-81.7,-86.6,41.669,45.65,,,,
2026-05-22T13:40:53.915182,-86.5,-89.3,-81.9,-86.6,41.669,45.65,,,,
2026-05-22T13:40:53.928690,-86.5,-89.3,-81.9,-86.5,41.669,45.65,,,,
2026-05-22T13:40:54.133578,-86.4,-89.3,-81.9,-86.5,41.669,45.65,,,,
2026-05-22T13:40:54.149071,-86.4,-89.4,-81.9,-86.5,41.669,45.65,,,,
2026-05-22T13:40:54.166987,-86.4,-89.4,-82.7,-86.5,41.669,45.65,,,,
2026-05-22T13:40:54.182004,-86.4,-89.4,-82.7,-86.6,41.669,45.65,,,,
2026-05-22T13:40:54.384722,-86.8,-89.4,-82.7,-86.6,41.669,45.65,,,,
2026-05-22T13:40:54.402188,-86.8,-88.8,-82.7,-86.6,41.669,45.65,,,,
2026-05-22T13:40:54.420059,-86.8,-88.8,-82.5,-86.6,41.669,45.65,,,,
2026-05-22T13:40:54.433311,-86.8,-88.8,-82.5,-86.6,41.669,45.65,,,,
2026-05-22T13:40:54.634447,-86.7,-88.8,-82.5,-86.6,41.669,45.65,,,,
2026-05-22T13:40:54.652784,-86.7,-89.0,-82.5,-86.6,41.669,45.65,,,,
2026-05-22T13:40:54.668464,-86.7,-89.0,-82.6,-86.6,41.669,45.65,,,,
2026-05-22T13:40:54.685346,-86.7,-89.0,-82.6,-86.5,41.669,45.65,,,,
2026-05-22T13:40:54.884216,-86.2,-89.0,-82.6,-86.5,41.669,45.849,,,,
2026-05-22T13:40:54.899517,-86.2,-88.9,-82.6,-86.5,41.669,46.089,,,,
2026-05-22T13:40:54.913286,-86.2,-88.9,-82.9,-86.5,41.669,46.761,,,,
2026-05-22T13:40:54.930582,-86.2,-88.9,-82.9,-86.0,41.669,46.594,,,,
2026-05-22T13:40:55.134998,-86.1,-88.9,-82.9,-86.0,41.669,46.893,,,,
2026-05-22T13:40:55.153909,-86.1,-88.9,-82.9,-86.0,41.669,47.148,,,,
2026-05-22T13:40:55.168073,-86.1,-88.9,-82.8,-86.0,41.669,47.201,,,,
2026-05-22T13:40:55.187059,-86.1,-88.9,-82.8,-85.7,41.669,46.968,,,,
2026-05-22T13:40:55.385104,-86.5,-88.9,-82.8,-85.7,41.669,46.77,,,,
2026-05-22T13:40:55.402521,-86.5,-89.2,-82.8,-85.7,41.669,46.602,,,,
2026-05-22T13:40:55.423046,-86.5,-89.2,-82.4,-85.7,41.669,46.459,,,,
2026-05-22T13:40:55.443371,-86.5,-89.2,-82.4,-86.1,41.669,46.337,,,,
2026-05-22T13:40:55.636359,-86.4,-89.2,-82.4,-86.1,41.669,46.234,,,,
2026-05-22T13:40:55.655481,-86.4,-89.4,-82.4,-86.1,41.669,46.146,,,,
2026-05-22T13:40:55.667408,-86.4,-89.4,-82.3,-86.1,41.669,46.071,,,,
2026-05-22T13:40:55.680477,-86.4,-89.4,-82.3,-85.7,41.669,46.007,,,,
2026-05-22T13:40:55.886769,-86.8,-89.4,-82.3,-85.7,41.669,45.953,,,,
2026-05-22T13:40:55.912098,-86.8,-90.1,-82.3,-85.7,41.669,45.907,,,,
2026-05-22T13:40:55.932824,-86.8,-90.1,-82.9,-85.7,41.669,45.868,,,,
2026-05-22T13:40:55.954363,-86.8,-90.1,-82.9,-86.4,41.669,45.835,,,,
2026-05-22T13:40:56.137233,-86.9,-90.1,-82.9,-86.4,41.669,45.807,,,,
2026-05-22T13:40:56.152371,-86.9,-89.9,-82.9,-86.4,41.669,45.783,,,,
2026-05-22T13:40:56.170139,-86.9,-89.9,-83.2,-86.4,41.669,45.763,,,,
2026-05-22T13:40:56.182869,-86.9,-89.9,-83.2,-85.8,41.669,45.746,,,,
2026-05-22T13:40:56.388008,-86.6,-89.9,-83.2,-85.8,41.669,45.731,,,,
2026-05-22T13:40:56.407775,-86.6,-90.3,-83.2,-85.8,41.669,45.718,,,,
2026-05-22T13:40:56.423261,-86.6,-90.3,-82.8,-85.8,41.669,45.707,,,,
2026-05-22T13:40:56.437568,-86.6,-90.3,-82.8,-86.0,41.669,45.698,,,,
2026-05-22T13:40:56.637420,-86.3,-90.3,-82.8,-86.0,41.669,45.69,,,,
2026-05-22T13:40:56.649423,-86.3,-89.4,-82.8,-86.0,41.669,45.684,,,,
2026-05-22T13:40:56.665123,-86.3,-89.4,-82.8,-86.0,41.669,45.678,,,,
2026-05-22T13:40:56.679204,-86.3,-89.4,-82.8,-86.0,41.669,45.673,,,,
2026-05-22T13:40:56.887990,-87.1,-89.4,-82.8,-86.0,41.669,45.669,,,,
2026-05-22T13:40:56.900486,-87.1,-89.4,-82.8,-86.0,41.669,45.666,,,,
2026-05-22T13:40:56.917948,-87.1,-89.4,-83.0,-86.0,41.669,45.663,,,,
2026-05-22T13:40:56.929412,-87.1,-89.4,-83.0,-85.6,42.63,45.661,,,,
2026-05-22T13:40:57.139060,-87.2,-89.4,-83.0,-85.6,43.679,45.659,,,,
2026-05-22T13:40:57.153622,-87.2,-89.0,-83.0,-85.6,45.554,45.657,,,,
2026-05-22T13:40:57.170805,-87.2,-89.0,-83.3,-85.6,47.725,45.655,,,,
2026-05-22T13:40:57.183387,-87.2,-89.0,-83.3,-85.4,50.098,45.654,,,,
2026-05-22T13:40:57.390095,-87.0,-89.0,-83.3,-85.4,51.801,45.653,,,,
2026-05-22T13:40:57.410454,-87.0,-89.2,-83.3,-85.4,52.756,45.652,,,,
2026-05-22T13:40:57.429742,-87.0,-89.2,-83.3,-85.4,53.567,45.651,,,,
2026-05-22T13:40:57.447283,-87.0,-89.2,-83.3,-85.4,54.257,45.65,,,,
2026-05-22T13:40:57.641227,-86.6,-89.2,-83.3,-85.4,53.862,45.65,,,,
2026-05-22T13:40:57.660963,-86.6,-89.1,-83.3,-85.4,53.841,45.65,,,,
2026-05-22T13:40:57.679083,-86.6,-89.1,-83.3,-85.4,53.824,45.65,,,,
2026-05-22T13:40:57.695716,-86.6,-89.1,-83.3,-85.3,54.192,45.65,,,,
2026-05-22T13:40:57.891503,-87.2,-89.1,-83.3,-85.3,55.626,45.65,,,,
2026-05-22T13:40:57.910226,-87.2,-89.6,-83.3,-85.3,55.783,45.65,,,,
2026-05-22T13:40:57.933830,-87.2,-89.6,-82.8,-85.3,55.061,45.65,,,,
2026-05-22T13:40:57.949542,-87.2,-89.6,-82.8,-85.9,53.052,45.65,,,,
2026-05-22T13:40:58.141477,-87.3,-89.6,-82.8,-85.9,51.344,45.65,,,,
2026-05-22T13:40:58.157070,-87.3,-89.4,-82.8,-85.9,49.934,45.65,,,,
2026-05-22T13:40:58.169772,-87.3,-89.4,-82.6,-85.9,48.694,45.65,,,,
2026-05-22T13:40:58.190402,-87.3,-89.4,-82.6,-86.3,47.64,45.65,,,,
2026-05-22T13:40:58.391064,-86.6,-89.4,-82.6,-86.3,46.744,45.65,,,,
2026-05-22T13:40:58.405412,-86.6,-89.2,-82.6,-86.3,45.982,45.65,,,,
2026-05-22T13:40:58.418014,-86.6,-89.2,-82.3,-86.3,45.335,45.65,,,,
2026-05-22T13:40:58.430210,-86.6,-89.2,-82.3,-86.4,44.785,45.65,,,,
2026-05-22T13:40:58.643503,-86.4,-89.2,-82.3,-86.4,44.317,45.65,,,,
2026-05-22T13:40:58.662642,-86.4,-89.3,-82.3,-86.4,43.919,45.65,,,,
2026-05-22T13:40:58.680102,-86.4,-89.3,-82.4,-86.4,43.581,45.65,,,,
2026-05-22T13:40:58.695936,-86.4,-89.3,-82.4,-86.3,43.294,45.65,,,,
2026-05-22T13:40:58.893455,-86.3,-89.3,-82.4,-86.3,43.05,45.65,,,,
2026-05-22T13:40:58.911816,-86.3,-88.9,-82.4,-86.3,42.842,45.65,,,,
2026-05-22T13:40:58.931238,-86.3,-88.9,-82.6,-86.3,42.666,45.65,,,,
2026-05-22T13:40:58.948077,-86.3,-88.9,-82.6,-86.1,42.516,45.65,,,,
2026-05-22T13:40:59.145523,-86.6,-88.9,-82.6,-86.1,42.388,45.65,,,,
2026-05-22T13:40:59.165061,-86.6,-88.6,-82.6,-86.1,42.28,45.65,,,,
2026-05-22T13:40:59.196803,-86.6,-88.6,-83.1,-86.1,42.188,45.65,,,,
2026-05-22T13:40:59.265658,-86.6,-88.6,-83.1,-86.2,42.11,45.65,,,,
2026-05-22T13:40:59.395303,-86.4,-88.6,-83.1,-86.2,42.043,45.65,,,,
2026-05-22T13:40:59.407155,-86.4,-88.2,-83.1,-86.2,41.986,46.072,,,,
2026-05-22T13:40:59.420387,-86.4,-88.2,-82.6,-86.2,41.938,46.008,,,,
2026-05-22T13:40:59.433174,-86.4,-88.2,-82.6,-87.2,41.897,46.88,,,,
